"","descriptor1","descriptor2","descriptor3","descriptor4","descriptor5","descriptor6","descriptor7","descriptor8","descriptor9","descriptor10","descriptor11","descriptor12","descriptor13","descriptor14","descriptor15","descriptor16","descriptor17","descriptor18","descriptor19","descriptor20","descriptor21","descriptor22","descriptor23","descriptor24","descriptor25","descriptor26","descriptor27","descriptor28","descriptor29","descriptor30","descriptor31","descriptor32","party1","party2"
"1",0,1,0,1,1,0,0,1,1,1,0,0,0,0,0,0,0,1,0,0,0,1,1,0,0,0,0,0,1,1,1,0,1,2
"2",0,1,1,1,1,1,1,0,1,0,1,1,0,1,1,0,1,1,1,1,0,0,0,1,1,0,1,1,0,1,0,0,1,2
"3",1,1,0,0,0,0,1,0,0,1,1,0,1,1,0,1,0,1,0,1,0,1,1,0,0,1,0,0,0,1,0,1,2,1
"4",1,0,1,0,1,1,1,1,1,1,1,1,1,1,1,1,1,1,0,1,0,0,0,0,1,1,0,1,1,1,1,1,1,2
"5",0,0,1,1,1,0,0,1,0,0,0,1,1,1,0,1,0,1,0,1,1,1,1,0,0,0,0,0,0,0,1,1,1,2
"6",0,1,1,1,0,1,0,0,1,1,1,1,1,0,1,0,1,1,1,0,1,0,0,1,0,1,1,1,1,0,0,0,1,2
"7",0,0,0,1,1,1,1,1,0,1,1,0,1,1,1,0,1,1,0,0,0,0,0,0,1,1,1,0,0,0,1,1,2,1
"8",0,0,1,1,0,1,0,0,0,1,0,0,1,0,1,0,1,0,0,1,0,1,0,0,0,1,0,0,1,1,1,1,1,2
"9",0,1,1,0,0,0,0,0,1,1,0,1,0,1,1,0,0,0,0,1,0,1,0,0,0,1,0,0,1,1,0,1,1,2
"10",0,1,1,0,1,1,1,0,0,1,0,1,1,1,1,0,1,1,0,1,1,1,0,1,0,1,0,1,0,1,0,0,1,2
"11",1,1,0,1,0,0,1,0,0,1,1,0,0,0,0,1,1,0,0,0,1,0,1,0,1,0,1,1,0,0,1,0,2,1
"12",0,1,1,0,1,1,0,1,0,0,0,0,0,0,0,1,0,0,1,1,0,0,0,0,1,0,1,1,1,0,0,0,1,2
"13",0,1,1,0,0,0,1,0,1,1,1,0,0,0,1,1,0,1,1,1,1,1,0,0,1,1,1,0,0,0,0,1,1,2
"14",1,1,1,1,0,1,1,1,1,0,0,0,0,0,1,0,1,1,0,0,1,0,0,0,1,1,0,1,1,1,1,0,2,1
"15",0,0,0,1,0,0,1,1,0,1,1,1,1,1,0,0,1,0,0,0,0,0,0,1,0,1,0,0,1,1,0,1,1,2
"16",0,1,1,0,1,0,0,1,0,0,0,1,0,0,1,1,0,1,0,0,0,1,1,1,0,1,0,0,0,1,1,1,1,2
"17",0,0,1,0,0,1,0,0,1,0,1,0,1,0,0,0,0,0,0,0,0,0,0,1,1,1,0,1,1,0,0,1,1,2
"18",0,0,0,1,1,1,0,1,0,0,1,0,1,0,0,1,0,0,1,0,1,1,0,0,0,1,1,0,1,1,1,0,1,2
"19",0,0,1,1,1,1,1,1,1,0,0,1,1,0,1,0,0,0,1,1,1,0,1,1,1,0,1,1,1,0,1,1,1,2
"20",0,0,1,1,1,1,1,1,1,1,0,1,1,1,0,0,1,1,1,1,0,0,0,0,0,0,1,1,1,1,1,0,1,2
"21",0,1,1,1,0,1,0,1,1,1,0,0,1,0,1,0,0,0,1,0,1,0,1,0,1,0,1,0,1,1,0,0,1,2
"22",0,0,1,1,0,0,1,0,0,1,0,1,0,1,1,0,0,0,0,0,0,0,1,1,1,1,1,1,0,0,0,1,1,2
"23",0,0,0,1,1,1,0,1,1,0,1,1,1,1,1,1,1,0,1,1,0,0,1,0,0,0,0,0,1,1,1,0,1,2
"24",1,1,1,1,1,1,1,1,1,0,0,1,1,0,0,0,0,0,1,1,0,1,0,1,1,0,1,0,0,0,1,0,2,1
"25",0,1,0,1,0,1,0,0,1,1,1,0,1,0,0,0,1,1,0,0,1,1,0,0,1,0,1,1,0,1,1,0,1,2
"26",1,0,0,1,1,0,0,0,1,0,1,0,0,1,1,0,0,0,1,1,1,0,1,0,1,0,1,1,0,1,1,0,1,2
"27",0,1,0,1,0,1,0,0,1,1,1,0,0,0,0,1,0,0,0,0,0,0,0,0,1,0,0,0,1,1,1,0,2,1
"28",0,1,1,0,0,1,0,0,0,1,1,0,1,1,0,1,1,1,0,1,1,1,0,0,1,1,1,0,1,0,0,1,1,2
"29",1,1,1,0,1,1,1,0,0,0,0,0,0,0,1,0,0,0,0,0,0,0,1,1,0,0,1,0,1,1,1,0,2,1
"30",1,0,0,1,0,1,0,1,0,1,0,1,0,0,0,1,1,0,0,1,0,1,0,1,0,0,0,1,1,1,0,1,1,2
"31",0,1,1,0,1,1,1,1,1,1,0,1,1,0,0,0,1,0,0,0,1,0,1,1,1,1,1,1,0,1,0,1,1,2
"32",0,0,1,1,0,1,1,1,1,1,0,1,1,1,0,1,0,1,0,0,0,0,0,1,0,0,1,1,0,1,0,0,2,1
"33",1,1,0,1,1,1,0,0,1,0,0,0,1,1,1,0,1,1,1,0,1,1,1,1,0,1,1,1,1,0,0,0,2,1
"34",0,0,1,0,1,0,1,0,1,1,1,0,1,0,1,0,1,1,1,1,0,1,0,0,1,1,0,0,1,0,1,0,2,1
"35",1,1,0,0,0,1,0,0,0,0,0,0,0,0,0,0,1,1,0,1,0,0,1,1,0,0,1,1,0,0,0,0,2,1
"36",1,0,1,0,1,0,0,0,0,0,0,1,1,0,0,0,0,1,0,0,1,0,1,1,0,0,1,1,1,0,0,0,1,2
"37",1,1,0,1,0,0,0,1,1,0,1,1,0,1,1,1,1,0,1,0,1,1,1,0,0,0,0,0,1,1,1,0,2,1
"38",0,0,0,0,1,0,1,1,0,1,1,1,0,1,1,0,1,0,1,1,1,0,0,0,0,0,0,0,1,0,1,1,1,2
"39",1,0,1,1,1,1,1,1,0,1,0,1,0,0,1,1,1,0,0,1,0,0,1,0,1,1,0,1,0,1,1,0,1,2
"40",1,0,1,1,1,0,1,1,1,1,1,0,0,1,0,1,0,0,0,1,1,1,0,0,1,0,0,1,1,0,0,1,1,2
"41",0,0,0,0,1,1,0,1,1,1,1,1,0,1,1,1,0,1,0,0,0,0,0,0,1,1,0,0,0,0,0,0,1,2
"42",1,0,0,0,1,0,0,0,1,0,1,1,1,0,1,1,1,1,0,0,0,0,1,1,1,1,1,0,1,1,1,0,1,2
"43",0,0,0,1,1,1,0,0,0,0,0,1,0,1,1,0,0,1,0,1,1,1,1,1,0,0,1,0,1,0,1,1,1,2
"44",0,0,0,1,0,0,1,0,1,1,0,1,0,1,1,0,0,0,1,0,1,0,1,0,1,1,0,1,0,1,1,0,1,2
"45",0,1,0,1,1,1,0,1,0,0,1,1,0,1,1,1,0,0,1,1,0,0,1,0,0,0,1,1,1,0,0,1,1,2
"46",0,0,0,1,1,1,1,1,1,0,0,1,1,1,1,0,0,0,1,0,1,0,1,0,0,1,0,1,1,0,0,1,1,2
"47",0,1,1,0,1,0,1,0,1,1,0,0,1,0,1,0,1,0,1,0,0,0,1,0,1,1,1,0,1,1,1,1,1,2
"48",1,0,0,0,1,1,0,1,1,0,1,0,1,0,1,1,1,1,0,1,0,1,1,0,1,0,0,0,0,0,1,1,1,2
"49",0,1,0,0,1,1,0,0,0,1,0,1,1,0,1,0,0,1,0,1,0,0,0,0,0,0,1,1,0,0,1,1,1,2
"50",0,0,0,1,1,0,0,1,0,0,1,0,0,0,1,0,0,0,0,0,0,0,0,1,1,0,0,0,0,0,1,1,1,2
"51",0,0,0,0,0,0,1,0,0,0,1,0,1,0,0,1,0,1,0,0,0,0,1,0,0,1,1,0,0,1,1,0,1,2
"52",1,1,1,1,1,1,0,0,1,1,0,0,1,1,0,1,1,1,1,0,1,1,0,0,1,0,0,0,0,1,1,1,2,1
"53",0,0,0,1,0,1,0,0,0,1,0,1,0,1,0,0,0,1,0,0,0,1,1,1,1,1,0,1,1,0,1,1,1,2
"54",0,1,1,1,1,1,1,1,1,1,0,0,0,0,1,1,0,1,0,1,1,1,0,0,0,1,1,1,0,1,0,0,1,2
"55",1,1,0,1,1,1,0,1,1,1,0,1,0,1,1,0,0,0,1,0,1,1,1,1,0,0,1,1,1,1,1,1,2,1
"56",0,0,1,1,0,0,1,1,0,0,0,1,0,0,1,0,1,1,1,1,0,1,1,0,1,1,1,1,1,0,0,0,1,2
"57",1,0,0,0,1,0,0,1,1,0,1,0,0,1,0,0,1,0,0,0,0,0,1,0,1,0,1,1,0,1,0,0,1,2
"58",0,0,1,1,1,0,0,1,1,1,0,0,0,0,1,0,0,0,1,0,1,1,1,0,0,1,0,1,1,1,0,0,1,2
"59",0,0,0,1,0,0,0,1,1,0,1,1,0,1,0,1,1,1,0,0,0,0,1,0,1,0,0,0,0,0,1,0,1,2
"60",0,0,1,1,1,1,0,0,0,0,0,1,0,1,1,1,1,0,1,1,0,1,1,1,1,1,1,1,1,1,1,1,1,2
"61",1,0,0,1,1,1,1,0,0,1,0,0,1,0,0,1,0,1,1,1,1,1,0,1,0,1,1,1,0,1,1,1,1,2
"62",0,0,1,0,0,0,1,1,1,0,0,1,1,0,0,1,1,0,1,1,1,0,0,0,0,0,0,1,0,1,0,1,1,2
"63",0,0,0,1,1,0,0,1,1,1,0,1,0,0,1,0,1,0,0,0,1,1,0,0,0,0,1,0,1,0,1,0,1,2
"64",1,1,0,0,1,0,1,0,0,0,0,0,0,0,1,1,1,0,0,0,0,0,0,0,1,1,1,1,0,1,1,0,2,1
"65",1,0,0,1,0,1,1,0,1,0,1,0,0,1,0,1,1,0,1,1,0,1,1,0,0,0,1,1,0,1,0,0,1,2
"66",1,1,0,1,0,0,0,1,1,1,1,1,0,1,0,1,1,0,1,1,0,1,1,1,0,1,1,1,0,1,1,0,2,1
"67",0,0,1,1,0,1,0,1,0,0,0,1,0,1,0,0,1,1,1,1,1,0,0,0,0,1,0,0,0,0,0,1,1,2
"68",1,0,0,1,0,1,0,0,0,1,0,1,0,0,1,0,1,0,1,0,1,1,1,0,0,0,1,1,1,1,1,0,1,2
"69",1,1,0,1,0,1,1,1,0,0,1,0,1,0,0,1,0,0,0,1,0,1,1,0,0,1,1,1,1,1,0,0,2,1
"70",1,0,1,0,1,1,0,0,1,0,0,0,1,0,1,1,1,1,1,0,1,1,0,1,1,0,1,1,1,1,0,0,1,2
"71",1,0,0,1,1,0,1,1,1,1,0,0,1,1,0,1,1,1,1,0,1,1,0,0,0,1,1,1,1,1,0,1,1,2
"72",0,1,0,1,1,1,1,0,1,0,1,0,1,1,1,0,1,0,0,1,0,0,0,1,1,1,0,0,1,0,1,0,1,2
"73",1,1,1,0,0,0,1,0,0,1,1,0,0,1,0,0,0,0,1,1,0,1,0,1,1,0,0,1,0,1,0,0,2,1
"74",1,0,0,0,0,0,0,0,1,0,0,0,1,0,0,1,1,1,0,1,0,1,0,1,1,0,0,1,0,1,1,1,1,2
"75",0,1,0,0,1,1,0,0,1,0,1,0,1,1,1,1,1,1,1,1,0,1,0,1,0,1,1,0,0,1,0,0,2,1
"76",0,0,1,0,0,0,0,0,1,1,0,1,0,0,1,0,0,1,1,0,0,0,1,1,1,0,1,1,1,0,1,0,2,1
"77",1,0,1,1,1,0,0,1,1,1,1,1,1,1,1,1,1,0,0,1,1,0,0,0,1,1,0,0,1,0,1,0,1,2
"78",0,0,0,1,0,0,0,0,0,1,1,1,1,1,0,1,1,0,0,1,1,1,1,0,0,0,1,0,0,0,0,0,1,2
"79",0,0,0,1,1,1,0,0,0,0,1,0,0,0,0,0,0,1,1,1,1,0,0,0,0,0,0,1,1,1,1,1,1,2
"80",1,0,0,1,1,0,0,1,1,1,1,0,0,0,1,1,0,1,0,0,0,0,1,1,0,1,0,0,0,0,1,1,1,2
"81",0,1,0,1,0,1,0,1,0,1,0,0,0,1,0,0,0,1,0,1,0,0,0,1,0,0,0,0,0,0,0,1,1,2
"82",0,1,0,1,1,1,1,0,0,0,1,0,1,0,0,0,0,1,0,0,1,1,0,0,0,1,1,0,0,0,1,1,1,2
"83",0,1,1,0,1,1,1,0,0,0,0,1,0,0,0,0,0,0,0,1,0,0,0,0,1,1,0,1,1,0,1,0,1,2
"84",0,0,0,0,0,1,1,0,0,1,0,0,1,0,0,0,0,1,0,0,0,0,1,0,0,0,1,0,0,0,0,1,2,1
"85",1,1,1,0,0,1,1,1,1,1,1,0,1,1,0,1,0,0,1,0,1,0,0,1,0,1,0,0,1,0,0,1,2,1
"86",1,1,1,0,1,1,1,1,1,1,1,1,0,1,0,1,0,1,0,0,1,0,0,0,1,1,0,1,1,1,1,1,2,1
"87",0,0,0,1,0,1,0,0,0,1,0,0,0,0,0,1,1,1,0,0,1,0,0,0,1,0,0,1,1,1,0,1,1,2
"88",1,0,0,1,0,0,1,0,0,1,1,1,0,1,1,0,0,1,1,1,1,0,1,0,0,0,0,1,1,1,1,0,1,2
"89",0,0,0,1,1,1,0,1,1,0,0,0,1,1,0,0,0,0,1,0,1,1,1,0,1,1,1,0,0,1,1,1,1,2
"90",1,0,0,1,1,1,0,0,0,0,0,0,1,0,0,0,0,1,0,1,1,1,0,1,1,0,1,1,0,0,1,0,1,2
"91",0,1,1,1,0,1,0,0,0,1,1,1,1,1,0,1,0,1,0,0,1,0,0,1,0,0,0,1,0,0,0,0,1,2
"92",0,1,0,0,0,1,0,0,0,0,0,0,0,1,0,1,1,0,0,0,0,0,1,0,1,0,0,0,0,0,0,1,1,2
"93",0,1,0,0,0,1,0,0,1,0,1,1,1,1,0,1,0,1,0,1,0,0,1,1,1,1,1,1,1,0,0,0,1,2
"94",1,1,0,1,1,1,1,0,1,0,0,0,0,1,0,0,1,1,1,0,0,1,1,1,0,1,0,1,1,1,1,1,2,1
"95",0,0,1,1,0,1,1,0,1,1,1,1,1,1,0,0,0,1,1,1,1,0,1,1,0,0,0,0,1,0,1,1,1,2
"96",0,1,0,1,1,1,1,1,0,1,1,1,0,1,0,1,0,0,0,1,0,0,1,0,1,0,1,1,0,1,1,1,1,2
"97",1,0,0,0,0,1,0,0,0,0,0,1,0,0,0,1,1,1,1,0,0,1,0,1,0,1,1,1,1,0,1,0,1,2
"98",1,0,0,1,0,1,1,1,0,1,0,0,0,1,1,0,1,0,0,1,0,1,1,1,0,1,0,1,1,1,1,0,1,2
"99",0,1,0,1,1,0,0,1,0,1,1,1,0,1,1,1,0,0,0,1,0,0,0,0,0,1,1,1,1,1,0,1,2,1
"100",0,0,0,0,0,1,0,0,1,1,1,1,0,0,1,0,0,0,1,1,0,0,1,0,0,1,1,1,1,1,0,1,1,2
"101",0,0,1,1,1,0,1,1,0,1,1,1,0,1,0,0,1,0,1,0,1,1,0,1,1,0,1,1,1,1,1,0,1,2
"102",0,1,0,1,0,0,0,1,1,0,1,1,0,1,0,1,0,1,1,1,0,1,0,0,0,0,0,1,1,1,1,1,2,1
"103",0,1,0,1,0,1,0,0,0,1,0,1,0,1,1,1,1,1,0,1,1,1,0,0,0,0,1,0,0,0,0,0,1,2
"104",1,0,0,0,1,1,0,0,1,1,1,1,1,0,0,1,0,1,1,0,0,1,1,1,1,0,1,1,1,0,0,1,1,2
"105",0,1,0,1,0,0,1,1,1,1,0,1,0,1,1,1,1,0,0,0,0,0,0,0,1,0,0,1,1,0,1,0,1,2
"106",0,0,0,0,1,1,0,1,1,0,0,1,0,1,0,0,1,1,0,0,0,0,1,0,1,1,0,0,0,1,1,0,1,2
"107",0,1,1,1,1,1,0,1,0,1,1,0,1,0,1,1,0,0,0,0,1,0,1,1,1,0,1,1,1,0,1,0,2,1
"108",0,0,1,1,0,0,0,1,1,1,0,0,1,1,0,1,0,1,0,1,1,0,0,1,1,0,0,1,1,1,1,1,1,2
"109",1,1,1,0,0,1,1,1,1,1,1,1,1,1,1,1,1,0,1,1,0,1,1,0,1,0,0,0,1,0,1,0,2,1
"110",1,0,1,1,1,1,0,0,1,0,1,0,0,0,0,0,0,1,1,0,1,0,0,1,1,0,0,1,0,1,1,1,1,2
"111",1,1,1,1,0,1,0,1,0,1,1,0,1,1,0,1,1,0,1,1,1,1,1,0,1,1,1,1,1,1,0,0,2,1
"112",1,1,1,1,1,0,0,1,0,1,1,0,1,0,1,0,1,0,0,0,1,0,1,0,1,0,0,1,0,0,0,0,2,1
"113",0,0,1,0,0,1,1,0,1,1,0,0,0,1,0,1,1,1,0,1,0,0,0,0,0,0,0,0,1,0,0,1,1,2
"114",0,1,1,1,1,1,1,1,0,0,1,1,1,0,1,0,0,0,1,0,0,1,0,0,0,1,1,1,1,1,0,0,2,1
"115",0,1,1,1,0,0,1,1,0,0,1,0,0,0,1,1,1,1,1,0,0,0,0,0,0,0,0,0,0,1,1,0,2,1
"116",1,0,0,1,1,0,0,1,1,0,0,1,0,1,1,1,0,1,0,1,1,0,1,1,1,0,0,1,1,0,1,1,1,2
"117",1,1,1,0,0,1,0,1,0,0,1,0,1,0,0,0,0,0,1,1,1,0,0,1,1,0,1,1,0,1,1,1,2,1
"118",1,0,0,0,1,1,0,0,1,1,0,0,0,1,0,1,1,0,0,1,1,0,0,1,0,0,1,0,1,0,0,1,1,2
"119",0,0,1,1,1,0,0,0,1,0,0,1,0,0,1,0,0,0,0,0,0,0,0,0,1,1,0,0,1,1,1,0,1,2
"120",1,0,1,1,1,1,1,0,1,1,0,1,1,1,1,0,0,1,0,0,1,1,1,1,0,1,1,0,0,0,0,1,1,2
"121",1,1,0,0,1,1,1,0,1,0,1,1,1,1,0,1,0,1,1,0,1,1,1,1,0,1,1,0,0,1,1,0,2,1
"122",1,0,1,0,0,0,1,1,1,0,0,0,0,1,1,1,0,1,0,0,0,0,1,0,0,1,0,0,0,0,0,0,1,2
"123",0,1,0,1,0,1,1,1,1,1,0,1,1,0,0,0,1,0,1,1,1,0,1,0,1,1,1,0,0,1,0,0,1,2
"124",1,1,0,0,0,0,1,0,1,0,1,1,1,1,1,0,0,1,0,0,1,1,1,0,0,1,0,1,1,1,0,1,2,1
"125",0,0,1,1,0,1,1,1,0,0,1,1,0,1,0,1,1,0,1,1,1,0,0,1,1,1,1,0,0,0,0,1,1,2
"126",1,0,0,0,1,0,0,1,0,1,1,1,0,0,1,1,1,1,0,0,1,1,0,0,0,1,1,0,1,1,1,0,1,2
"127",1,1,0,0,0,0,0,0,0,0,0,0,1,0,0,0,0,1,0,0,0,0,0,1,1,0,0,0,0,1,0,0,2,1
"128",0,1,1,0,1,1,0,0,0,1,0,1,0,1,1,1,0,0,0,0,0,1,1,0,1,1,1,0,1,1,0,0,1,2
"129",1,0,0,0,0,0,0,1,0,0,0,0,0,1,0,1,1,0,1,0,0,1,0,0,0,0,0,1,0,1,1,0,1,2
"130",1,0,0,0,1,0,0,0,1,1,1,1,0,1,1,1,1,1,1,1,1,1,0,0,1,0,0,1,1,0,0,1,1,2
"131",1,1,1,1,1,0,0,0,0,1,1,0,0,1,0,0,1,1,0,0,0,1,0,1,1,1,0,1,0,0,1,0,2,1
"132",0,1,1,0,0,1,1,0,1,1,1,1,0,0,0,1,1,0,0,1,1,1,0,1,1,0,1,0,1,1,0,0,2,1
"133",1,1,1,0,0,0,0,1,0,1,0,0,0,0,0,0,1,1,0,1,0,1,1,0,0,0,1,1,0,0,0,0,2,1
"134",1,0,0,0,1,0,0,1,0,1,1,0,1,1,1,0,0,1,0,1,0,0,0,1,1,0,0,1,0,0,0,1,1,2
"135",0,1,0,0,1,1,0,0,1,1,1,0,1,1,0,1,1,1,1,0,1,0,0,0,0,0,1,1,0,0,0,1,2,1
"136",0,0,0,1,1,1,0,1,1,0,1,1,1,0,1,1,1,1,1,0,1,0,1,0,0,1,1,1,0,1,0,1,1,2
"137",1,1,0,0,0,0,1,1,1,0,0,1,1,1,0,1,0,0,0,1,1,0,1,0,0,1,1,0,1,1,0,0,2,1
"138",1,1,1,1,0,0,0,0,0,0,0,1,0,1,1,0,1,1,0,0,1,0,0,1,0,1,0,1,1,0,1,1,2,1
"139",0,0,1,1,1,0,1,0,0,0,0,1,1,0,1,0,0,0,1,1,1,0,0,1,1,1,1,0,1,0,1,0,1,2
"140",0,0,0,0,1,1,0,0,1,0,1,1,1,0,0,1,0,0,1,0,0,1,1,0,1,0,0,1,1,1,0,0,1,2
"141",1,1,1,0,1,1,0,1,0,1,1,1,0,1,1,1,1,1,1,0,1,0,1,0,1,0,1,1,1,0,1,0,2,1
"142",1,1,0,0,0,1,1,1,1,0,1,0,1,1,0,0,1,0,0,0,0,1,0,1,0,1,0,0,0,0,0,0,2,1
"143",0,0,1,1,1,1,1,1,1,1,1,1,0,1,1,1,1,1,1,1,1,0,0,1,0,1,1,0,1,1,1,0,1,2
"144",0,1,0,0,1,1,0,1,0,0,0,1,1,1,0,0,1,0,0,1,1,0,1,0,0,1,1,1,1,0,0,0,1,2
"145",0,0,0,1,1,0,1,1,0,1,1,1,1,1,1,0,0,0,1,1,1,1,1,1,0,1,0,0,1,0,0,0,1,2
"146",1,1,1,1,0,0,0,1,0,0,1,0,1,0,1,0,0,0,0,0,1,0,0,0,1,1,1,1,0,0,0,0,2,1
"147",1,0,0,1,1,1,0,1,1,1,0,1,0,0,1,1,0,1,0,1,0,0,0,0,1,0,0,1,1,0,1,0,1,2
"148",1,0,1,1,0,1,1,0,1,1,1,1,1,0,1,0,1,0,0,0,1,1,0,1,1,1,1,0,0,0,1,0,1,2
"149",0,1,1,1,0,1,0,1,1,1,0,0,1,1,0,1,1,1,1,1,1,1,1,1,0,1,1,0,1,0,1,1,1,2
"150",0,1,0,0,0,1,0,1,1,0,0,0,1,1,1,1,0,1,1,0,1,0,0,0,0,0,1,1,1,1,1,1,1,2
"151",0,1,1,1,1,0,0,0,0,1,1,0,1,0,0,0,1,0,0,0,1,0,0,1,0,0,0,0,0,1,1,1,1,2
"152",1,0,1,1,1,0,0,1,0,0,0,1,1,1,0,0,0,0,0,0,0,1,1,0,1,1,1,0,0,0,0,0,1,2
"153",1,1,0,0,1,1,1,0,1,0,0,1,1,1,0,1,1,0,0,1,1,0,0,1,0,0,1,1,0,0,0,1,2,1
"154",1,1,1,1,0,0,0,1,1,1,0,0,1,0,1,1,1,1,1,1,0,1,1,1,1,0,0,0,1,0,0,1,2,1
"155",0,0,0,1,1,1,1,1,1,0,0,0,0,1,0,1,1,1,1,0,1,0,0,1,1,0,1,1,0,1,0,0,1,2
"156",0,1,0,0,1,0,0,1,1,1,0,1,1,1,1,1,0,0,0,1,1,0,0,1,1,0,0,0,0,0,0,0,1,2
"157",1,1,1,0,0,0,1,1,1,0,1,1,1,0,0,1,0,1,1,1,1,1,0,1,0,1,0,1,0,1,0,0,2,1
"158",0,0,0,0,0,1,0,1,0,0,0,1,0,0,1,0,1,0,1,1,1,1,0,1,1,0,1,1,0,1,0,0,1,2
"159",0,0,1,0,1,0,0,1,1,1,1,1,1,0,0,0,0,1,0,1,0,0,1,1,0,0,0,0,1,1,1,0,1,2
"160",1,0,1,0,1,0,0,0,1,0,1,1,1,1,1,0,0,0,1,0,1,0,1,0,1,1,0,1,0,0,0,0,1,2
"161",1,0,1,1,0,1,1,1,0,0,0,0,1,1,1,0,0,0,1,0,0,1,0,0,1,1,0,0,1,1,1,1,1,2
"162",0,0,1,0,0,1,1,1,0,1,0,1,1,1,1,0,1,0,0,1,1,0,0,1,1,1,0,0,1,0,0,0,2,1
"163",0,0,0,1,1,0,1,0,0,1,0,0,0,1,0,0,0,0,0,1,1,1,1,0,0,0,1,0,1,0,0,0,1,2
"164",1,0,0,1,1,1,0,0,0,0,1,1,0,0,1,0,0,1,0,1,1,0,0,1,0,0,1,0,0,1,0,1,1,2
"165",1,1,0,1,1,0,0,0,1,0,1,1,1,1,1,1,0,0,1,1,0,0,0,0,0,0,1,1,0,0,1,1,2,1
"166",1,0,0,1,0,0,1,0,0,1,0,0,1,1,0,1,1,1,1,0,1,0,0,0,1,0,1,1,0,1,1,1,1,2
"167",1,0,0,1,0,0,1,1,1,1,1,1,0,0,1,1,1,0,0,0,1,1,1,1,1,1,1,1,0,0,0,1,2,1
"168",0,1,1,1,0,1,1,0,1,1,1,0,1,0,0,0,1,1,0,1,1,0,1,1,0,1,0,1,0,0,0,1,1,2
"169",0,1,1,0,0,0,0,1,0,0,1,1,0,1,1,1,0,0,1,0,1,0,0,0,1,0,1,1,0,1,1,1,1,2
"170",0,0,0,1,1,0,0,0,1,0,0,1,0,0,1,0,1,0,0,1,0,1,0,0,0,1,1,1,1,0,0,0,1,2
"171",0,1,0,1,1,0,0,1,1,0,0,1,0,1,1,0,0,0,1,1,0,0,0,1,1,1,1,0,1,0,1,1,1,2
"172",0,0,0,1,0,1,0,0,0,0,1,1,0,1,1,0,1,1,0,0,1,1,1,0,1,1,1,0,0,1,1,0,1,2
"173",0,0,0,0,1,0,0,1,1,0,0,0,0,0,1,1,1,1,1,0,0,1,1,1,0,1,0,0,1,1,1,1,1,2
"174",0,0,1,0,0,0,0,0,0,0,0,1,0,0,0,1,0,1,1,1,0,0,1,0,1,1,0,1,0,1,0,0,1,2
"175",0,0,0,0,1,1,0,1,0,0,1,0,1,1,1,1,0,1,1,0,1,0,1,0,1,0,1,0,0,1,1,0,1,2
"176",0,1,1,0,0,0,1,0,0,0,0,0,1,0,0,0,1,1,1,0,1,0,1,0,0,0,0,1,1,1,0,1,1,2
"177",1,0,0,0,0,1,0,0,0,0,1,0,0,0,1,1,1,1,1,0,0,1,1,0,0,0,0,1,0,0,0,1,1,2
"178",0,0,0,1,0,1,0,0,1,1,1,0,0,0,1,0,1,0,0,1,1,0,1,0,1,0,1,0,0,0,1,0,1,2
"179",0,1,1,0,0,1,0,1,1,0,1,1,1,0,1,0,1,0,1,1,0,1,1,0,0,0,1,1,0,1,1,0,1,2
"180",1,0,1,0,1,1,0,1,0,1,0,0,0,1,0,0,1,1,1,0,0,1,0,0,0,0,0,1,1,1,1,1,1,2
"181",0,0,1,1,1,0,0,1,0,0,1,0,1,0,0,0,1,0,0,1,0,0,0,1,1,1,0,0,0,0,1,1,1,2
"182",0,1,1,1,0,1,1,0,1,0,1,0,1,1,0,0,0,0,0,1,1,0,1,0,0,1,0,0,0,1,0,1,1,2
"183",1,1,1,0,1,0,1,0,1,0,1,0,0,0,1,0,1,0,0,1,0,1,1,1,0,0,0,1,0,0,0,0,2,1
"184",1,1,0,0,0,1,0,1,0,0,1,0,0,0,0,1,1,1,1,1,1,1,0,1,1,0,0,0,1,1,0,0,2,1
"185",1,1,1,1,0,0,0,0,0,0,0,1,1,0,0,1,1,1,0,1,0,0,0,1,1,0,1,0,0,0,0,0,2,1
"186",1,1,1,1,0,0,1,1,1,1,1,0,0,1,0,1,0,0,0,1,0,1,1,0,0,0,1,1,0,0,0,0,2,1
"187",1,0,0,1,0,0,0,0,1,0,1,1,1,0,0,0,0,1,0,1,0,1,1,0,1,1,1,0,0,1,1,1,1,2
"188",0,0,1,0,0,1,0,1,0,1,0,0,0,1,0,0,0,0,0,1,0,0,0,1,1,0,1,0,1,0,1,0,1,2
"189",1,0,1,0,1,0,1,1,1,1,1,0,0,1,0,1,1,1,1,1,0,0,1,0,1,1,0,1,1,0,1,0,1,2
"190",1,0,0,1,0,0,0,1,0,0,0,1,1,0,1,0,1,1,1,0,1,0,0,1,1,1,0,1,1,0,1,1,1,2
"191",1,1,1,1,0,0,1,0,1,0,1,1,1,0,1,0,1,0,1,1,0,0,1,1,1,0,1,0,1,1,1,1,2,1
"192",1,1,1,1,0,1,1,1,1,0,1,1,0,0,0,1,0,0,0,1,1,0,0,0,1,1,1,0,1,0,1,0,2,1
"193",1,1,1,1,0,1,1,0,0,1,1,0,0,0,1,0,1,1,1,1,0,1,0,0,0,1,1,1,1,0,0,1,2,1
"194",0,1,0,0,1,1,1,1,0,1,1,0,1,1,1,0,0,0,0,0,0,0,1,1,0,1,0,0,0,1,1,1,1,2
"195",1,0,0,1,0,0,0,1,0,0,0,0,0,1,1,0,0,0,0,0,0,0,0,0,1,1,0,1,1,1,1,1,1,2
"196",1,0,1,0,1,0,0,1,0,1,1,0,1,0,1,0,1,1,0,0,0,1,0,1,0,1,0,1,1,1,1,1,1,2
"197",0,0,1,0,0,0,1,1,0,0,1,0,0,1,1,1,0,0,1,1,0,1,1,0,0,1,0,1,1,1,1,0,1,2
"198",1,1,1,0,0,0,0,1,0,0,0,0,1,0,1,1,1,0,1,0,1,0,1,1,1,1,0,1,1,1,1,1,2,1
"199",0,0,0,0,0,0,0,0,0,1,0,1,1,1,1,0,1,1,1,0,1,0,0,0,0,1,0,1,1,1,1,1,1,2
"200",0,1,0,0,0,0,0,0,1,1,1,0,1,1,0,0,1,0,0,0,0,1,0,1,1,1,0,0,0,0,0,1,1,2
"201",0,0,0,1,0,0,1,1,0,0,1,0,1,0,1,0,1,0,0,0,1,1,0,0,0,1,0,0,0,0,1,1,1,2
"202",1,0,0,0,0,1,1,1,0,0,1,0,0,1,1,0,1,0,1,0,0,0,1,0,1,1,0,0,0,0,1,0,1,2
"203",0,0,1,0,1,0,1,1,0,1,0,1,1,1,1,0,1,1,0,0,1,1,1,1,1,1,1,1,1,1,1,1,1,2
"204",0,1,1,0,1,0,0,1,0,0,1,0,1,0,0,0,1,0,1,0,1,0,0,0,0,1,0,0,0,1,0,1,1,2
"205",0,0,1,0,0,1,0,0,0,0,1,1,0,1,1,0,1,1,1,0,0,0,1,1,1,0,0,0,1,0,0,0,1,2
"206",0,1,0,0,0,0,0,0,0,0,0,1,0,1,1,0,0,0,0,1,0,0,0,1,0,1,1,0,1,0,1,1,1,2
"207",1,0,0,0,1,0,0,1,0,1,0,0,1,1,1,1,1,1,1,0,0,1,1,1,1,1,0,1,1,1,1,0,1,2
"208",1,0,1,1,0,1,0,0,0,1,1,1,0,1,0,1,1,0,1,1,0,1,1,1,1,1,1,1,1,0,0,0,1,2
"209",0,0,1,1,1,0,1,0,0,1,0,0,0,1,0,0,0,1,1,0,0,0,1,0,1,1,0,0,0,1,0,0,1,2
"210",1,1,0,0,0,1,0,0,1,0,0,0,1,1,1,1,1,1,1,0,1,1,1,1,1,0,0,1,0,0,1,1,2,1
"211",0,1,0,0,1,0,0,0,0,1,0,1,1,0,0,0,1,1,1,0,1,0,0,1,0,1,1,0,0,0,1,0,1,2
"212",0,1,1,0,1,1,0,1,1,0,1,0,0,1,0,0,1,0,1,1,1,1,0,1,1,0,1,0,1,1,1,0,1,2
"213",0,0,0,0,0,0,1,1,0,0,0,1,0,0,0,1,1,1,1,1,0,1,1,1,1,0,0,0,1,1,0,1,1,2
"214",1,1,0,0,0,1,0,1,0,0,1,1,0,0,1,1,0,1,1,1,1,0,0,0,0,0,0,1,0,0,0,0,2,1
"215",1,0,0,1,0,1,1,0,0,1,0,1,1,0,0,0,1,1,0,1,1,1,1,0,1,0,1,0,1,1,1,1,1,2
"216",1,0,0,0,0,0,0,1,0,1,1,1,1,1,0,1,1,1,1,0,0,1,1,1,0,0,0,1,1,1,1,1,1,2
"217",0,1,0,1,1,0,1,1,0,1,1,0,0,1,1,1,0,0,1,1,0,0,1,1,1,1,0,1,1,0,0,1,1,2
"218",1,0,0,0,1,1,0,1,0,1,0,1,0,0,1,1,0,1,0,1,0,0,1,0,1,1,1,1,1,0,0,0,1,2
"219",1,0,1,1,0,0,0,0,1,1,1,0,0,0,0,0,0,0,1,0,0,0,0,1,1,1,1,1,0,0,1,1,1,2
"220",0,1,1,0,1,0,1,1,0,0,0,0,1,1,1,0,0,1,1,0,0,1,0,1,0,0,1,1,0,1,0,0,1,2
"221",0,0,0,1,1,1,0,0,0,0,0,1,1,0,1,0,1,1,1,1,0,1,1,0,1,1,0,0,0,0,0,1,1,2
"222",0,1,1,0,0,1,1,1,0,0,1,0,0,1,1,1,1,0,0,1,1,0,0,0,0,1,0,0,0,1,0,0,1,2
"223",1,1,1,0,1,1,0,0,0,0,0,0,1,0,0,0,0,1,0,0,1,0,0,0,0,1,0,1,1,1,1,0,2,1
"224",1,0,1,0,0,1,0,1,1,1,1,0,1,0,1,1,1,0,1,1,1,0,1,1,0,0,1,0,0,1,0,1,1,2
"225",1,0,1,0,0,0,0,1,0,0,0,0,1,1,1,1,0,1,1,0,0,0,1,0,1,1,1,0,0,0,0,0,1,2
"226",1,1,0,1,0,1,0,0,1,1,0,1,0,1,0,1,1,0,1,0,0,0,0,0,0,0,1,0,1,0,1,1,2,1
"227",1,1,1,1,1,1,1,1,1,0,1,1,1,1,1,0,0,1,1,1,0,1,0,0,1,1,1,1,0,1,0,1,2,1
"228",1,0,1,0,0,0,1,0,0,0,0,0,1,0,1,0,0,0,1,1,0,1,0,0,1,0,0,1,1,0,0,0,1,2
"229",0,1,0,1,0,1,1,0,0,0,0,0,1,0,0,1,1,0,0,0,1,0,1,1,0,0,1,0,1,1,0,1,1,2
"230",0,0,0,1,1,1,0,0,1,1,1,1,0,1,1,0,0,1,0,0,1,1,0,1,1,0,0,0,0,0,1,0,1,2
"231",1,1,1,1,1,1,1,0,1,0,1,0,0,0,1,0,1,0,0,1,1,0,0,1,1,0,0,1,0,0,1,0,2,1
"232",0,0,1,1,1,1,1,0,0,0,0,1,1,1,1,1,1,0,0,1,1,1,0,0,0,1,0,0,0,1,1,1,1,2
"233",1,0,0,0,1,1,1,0,1,1,0,1,1,0,0,1,1,0,1,1,0,0,1,0,0,0,1,1,0,1,1,0,1,2
"234",0,1,1,1,0,0,0,1,1,0,0,0,1,0,1,0,1,1,0,0,0,0,0,0,1,1,1,1,0,1,0,0,1,2
"235",0,0,0,1,0,1,0,1,1,0,0,1,0,1,0,0,1,1,1,0,0,1,1,0,0,0,1,1,0,1,1,0,2,1
"236",1,1,1,1,0,0,1,1,0,0,0,1,1,0,1,1,0,1,0,0,1,0,0,1,1,0,0,1,1,1,0,1,2,1
"237",0,0,1,1,0,1,1,1,1,0,1,1,0,1,0,0,1,1,1,0,1,0,0,1,0,1,1,0,1,1,0,0,1,2
"238",1,0,1,1,0,0,1,0,0,1,0,0,0,1,1,1,0,0,1,1,1,1,1,1,1,0,0,1,1,0,1,0,2,1
"239",1,0,1,1,0,1,1,1,1,0,0,0,0,0,1,1,0,1,0,1,1,1,0,1,0,1,1,0,0,0,0,1,1,2
"240",1,0,1,0,0,1,0,0,0,1,1,1,1,1,0,0,0,1,1,1,1,1,0,0,0,1,0,1,0,1,1,1,1,2
"241",0,1,1,1,0,0,0,0,1,0,0,1,0,0,1,0,1,0,0,0,0,1,1,1,0,1,1,1,1,1,0,0,1,2
"242",0,0,0,1,1,0,1,0,0,0,0,0,1,0,0,1,0,0,0,1,1,0,1,0,0,0,1,1,0,1,1,0,1,2
"243",1,0,0,0,0,1,0,1,0,0,0,0,0,1,1,0,1,0,0,1,0,1,1,1,1,1,1,0,1,1,1,0,2,1
"244",1,0,0,0,1,0,0,0,0,0,0,1,0,0,0,0,0,1,1,1,0,0,1,1,0,1,1,0,1,0,0,1,1,2
"245",0,1,0,1,1,1,0,0,1,0,0,0,0,1,1,0,0,1,0,0,1,1,0,1,1,1,0,0,1,0,1,0,1,2
"246",0,1,0,1,1,1,1,1,0,0,1,1,0,1,1,1,1,0,0,0,1,0,0,1,0,0,1,0,0,0,0,0,1,2
"247",1,0,1,0,1,0,1,0,1,1,0,0,1,0,1,1,1,1,0,1,1,0,0,0,0,1,0,1,0,1,0,1,1,2
"248",0,1,0,1,0,0,0,0,0,1,0,1,1,0,0,1,0,1,0,0,1,0,0,0,1,0,0,1,1,0,1,0,1,2
"249",1,0,0,0,0,0,1,1,0,0,0,1,1,1,1,1,0,1,1,0,1,0,1,0,0,0,1,0,1,0,1,0,2,1
"250",1,0,1,0,0,1,1,0,0,0,1,0,0,1,0,0,1,1,1,0,1,0,1,0,0,1,0,0,1,0,0,0,1,2
"251",0,0,0,1,1,1,0,0,1,0,0,1,1,1,0,1,1,1,0,1,1,0,0,0,0,0,1,0,0,0,1,1,1,2
"252",0,1,1,0,1,1,0,0,0,1,1,1,1,0,0,0,1,0,1,1,1,1,0,1,1,0,0,0,1,1,0,1,1,2
"253",1,1,1,1,0,0,0,1,1,0,1,0,0,1,0,1,0,1,1,0,1,1,1,1,0,0,1,1,0,1,0,1,2,1
"254",1,0,1,0,1,0,1,0,0,1,1,0,0,1,0,1,1,0,0,0,0,0,0,0,0,1,1,0,0,0,0,1,1,2
"255",0,0,0,1,0,1,0,0,1,0,1,1,1,0,0,1,0,0,0,1,0,1,0,0,0,1,0,0,1,0,1,1,1,2
"256",1,0,0,1,0,0,0,0,1,0,0,0,1,1,1,1,0,0,0,0,0,0,1,1,0,1,1,0,0,1,1,1,1,2
"257",0,0,0,0,1,0,0,0,1,0,1,0,1,0,0,1,1,0,0,1,1,1,0,1,1,0,1,0,1,0,1,0,1,2
"258",0,1,0,1,1,1,0,0,0,1,1,1,0,1,0,0,0,1,0,0,1,0,0,1,1,1,0,0,1,0,0,1,1,2
"259",0,0,1,1,1,0,0,1,0,0,1,0,1,0,0,0,0,1,0,0,1,0,1,0,0,1,1,1,1,1,1,1,1,2
"260",1,0,0,0,0,0,0,1,1,1,1,1,1,0,1,0,1,1,1,0,1,0,0,1,0,0,0,1,0,1,1,0,2,1
"261",0,1,1,1,1,0,0,0,1,1,0,1,1,1,0,0,1,0,0,0,0,1,1,0,1,1,0,0,1,1,0,1,1,2
"262",0,0,0,0,1,0,1,0,0,1,1,0,0,1,1,1,1,1,1,1,0,1,0,1,0,1,1,1,0,0,0,1,1,2
"263",1,0,0,0,0,1,1,1,1,0,1,1,0,1,1,1,0,1,0,0,0,0,1,0,0,1,1,0,1,0,1,1,1,2
"264",1,0,0,1,1,1,0,1,0,0,0,0,0,0,0,0,0,0,1,1,1,0,1,0,1,0,1,0,1,1,1,1,1,2
"265",1,1,0,1,1,0,0,0,0,1,0,0,0,1,0,1,1,1,1,0,0,0,1,1,1,0,1,0,1,0,1,0,2,1
"266",0,0,0,1,0,1,1,1,1,0,0,0,1,1,0,0,1,0,1,0,0,1,0,0,1,0,0,1,1,1,1,1,1,2
"267",0,1,1,0,1,1,1,0,1,1,1,0,1,0,0,1,0,0,0,1,0,1,1,0,0,1,1,1,0,1,1,1,1,2
"268",0,1,1,1,0,0,1,1,1,0,1,0,1,0,0,1,1,1,1,0,0,1,1,1,1,0,0,1,0,1,0,0,1,2
"269",0,1,1,0,0,0,0,1,0,0,1,0,1,0,1,0,0,1,1,1,1,1,1,0,0,1,0,0,0,0,0,0,1,2
"270",1,1,0,1,1,0,1,1,0,1,0,1,0,0,1,1,0,0,0,1,1,1,0,1,1,1,0,0,1,0,1,0,2,1
"271",0,0,0,1,1,0,1,1,0,1,1,1,0,0,1,0,0,1,0,0,0,1,0,0,0,0,1,0,0,0,1,1,1,2
"272",1,1,1,0,0,0,0,1,0,0,0,0,0,1,0,0,1,1,0,1,1,0,1,0,1,1,1,0,1,1,1,1,2,1
"273",1,1,0,0,0,0,1,0,1,1,0,0,0,0,0,0,1,1,0,0,0,0,1,0,1,1,1,0,0,1,1,0,2,1
"274",0,1,1,1,1,1,0,1,0,1,0,0,0,1,1,1,1,1,0,0,0,1,0,0,0,1,1,0,1,0,0,0,1,2
"275",0,0,0,1,1,1,1,1,0,1,0,0,0,1,0,0,1,0,1,1,1,0,1,1,1,1,1,1,1,1,0,0,1,2
"276",1,0,1,1,1,1,1,1,1,1,1,0,1,1,0,0,1,0,1,1,0,0,0,1,1,0,0,1,0,1,1,1,1,2
"277",1,0,0,1,0,1,1,1,1,1,0,1,0,0,0,1,0,0,0,1,0,1,1,1,0,1,1,1,1,1,1,1,1,2
"278",0,1,0,1,0,1,0,0,0,0,0,1,1,0,0,0,0,0,1,1,1,1,1,1,1,1,1,0,1,1,0,1,1,2
"279",0,1,0,1,1,1,1,1,1,0,1,1,1,0,0,1,1,0,0,1,0,1,1,1,1,0,0,1,1,0,0,1,1,2
"280",1,0,0,1,0,1,0,0,1,1,0,0,1,0,0,0,1,1,0,1,1,1,1,1,0,0,0,0,1,0,1,1,1,2
"281",0,0,0,1,1,0,1,1,1,1,0,1,1,1,0,1,1,0,0,1,1,0,0,1,0,0,1,1,0,1,0,0,1,2
"282",0,0,0,0,1,1,0,0,0,0,1,1,0,1,0,1,0,1,0,1,1,1,1,1,0,0,0,1,0,0,0,0,1,2
"283",0,1,1,0,0,1,1,1,0,1,1,0,1,1,1,1,1,0,1,1,0,0,0,1,1,0,0,1,0,1,1,0,1,2
"284",1,1,0,0,1,1,0,0,1,0,1,0,0,0,1,1,0,0,0,1,0,0,0,1,1,0,1,0,0,0,1,0,2,1
"285",0,1,0,1,0,1,0,0,0,0,0,0,0,0,1,1,0,0,0,0,0,0,0,1,1,1,0,0,0,1,1,0,1,2
"286",0,0,1,0,0,0,0,0,1,1,0,0,1,0,1,1,1,1,1,0,0,0,1,0,0,1,0,1,0,1,0,0,1,2
"287",1,1,0,1,0,1,1,0,0,1,0,1,0,0,0,1,1,0,0,1,0,0,1,0,1,0,0,0,1,0,0,1,2,1
"288",1,0,0,0,0,0,1,1,1,0,0,0,0,0,1,1,1,0,1,0,1,0,1,0,1,1,0,0,1,0,1,0,1,2
"289",0,0,1,0,1,0,1,1,0,0,1,0,0,0,1,0,1,0,1,1,0,0,1,1,1,0,0,0,0,1,1,1,1,2
"290",0,1,1,0,0,1,1,1,0,1,1,0,1,1,0,1,1,1,0,0,1,0,0,1,0,1,0,1,0,1,1,1,1,2
"291",0,1,0,1,1,0,1,0,1,1,1,0,1,1,0,0,0,1,1,0,0,1,1,0,1,1,1,0,0,1,0,1,2,1
"292",0,0,0,1,0,1,1,0,1,0,0,1,1,0,0,0,1,0,0,1,1,1,1,0,0,1,0,1,0,0,1,1,1,2
"293",1,0,0,1,0,0,1,1,1,1,0,0,1,0,0,0,1,0,1,0,1,1,0,1,1,1,1,0,1,0,1,0,1,2
"294",0,1,0,0,0,1,1,0,1,1,1,1,1,1,1,0,1,1,1,1,1,1,0,1,1,1,1,1,1,0,1,1,2,1
"295",1,0,0,1,1,1,1,0,0,1,1,0,0,1,0,0,0,1,1,1,0,1,0,0,1,1,1,1,1,0,1,1,2,1
"296",0,1,0,1,0,1,1,0,1,1,0,0,1,1,0,0,0,1,0,1,1,1,0,0,0,0,1,0,1,0,0,0,1,2
"297",0,1,0,0,0,1,0,0,0,0,0,0,1,1,1,0,1,1,0,1,0,0,1,0,1,1,1,0,1,0,1,0,1,2
"298",0,1,0,0,0,1,1,1,1,0,0,1,0,1,1,1,0,1,0,0,0,1,0,1,1,0,0,1,1,0,0,0,1,2
"299",0,0,1,1,0,0,0,1,0,1,1,0,0,0,0,1,1,0,1,0,0,1,0,1,1,1,1,0,1,0,0,0,1,2
"300",1,0,0,0,1,0,0,0,1,0,1,1,0,0,1,1,0,1,1,0,0,1,0,0,1,0,1,1,0,1,1,1,1,2
"301",0,0,0,1,1,0,1,0,0,1,1,0,1,0,1,0,0,0,1,1,1,0,0,0,0,1,1,1,0,1,0,1,1,2
"302",1,1,1,1,0,1,1,0,0,0,0,0,1,0,1,1,1,1,1,0,1,1,0,0,0,0,0,1,0,0,0,1,2,1
"303",1,1,0,1,0,0,1,0,0,0,1,0,0,1,0,0,0,1,0,1,0,0,1,0,1,0,1,1,0,1,0,1,2,1
"304",1,0,1,1,0,0,1,1,0,0,1,0,0,0,0,0,1,0,0,1,0,0,0,0,1,0,0,1,1,1,0,1,1,2
"305",1,0,1,0,0,0,1,0,0,1,0,0,0,1,0,1,1,1,1,1,0,1,0,1,1,0,0,1,1,1,0,0,1,2
"306",0,0,0,0,0,0,1,0,1,0,0,0,0,1,1,1,1,0,1,1,0,0,1,1,0,1,0,1,0,0,1,0,1,2
"307",1,1,1,0,1,1,0,1,1,1,0,0,0,1,0,0,1,0,0,0,0,1,0,0,1,0,0,1,1,0,1,0,2,1
"308",0,1,1,0,0,1,0,1,1,0,0,0,1,0,0,1,1,1,1,1,0,0,1,1,1,1,1,1,1,1,0,0,1,2
"309",1,0,1,0,0,0,1,0,0,0,1,0,1,0,1,0,1,1,0,0,0,0,0,0,1,1,0,1,1,1,0,0,1,2
"310",1,1,1,1,0,1,0,0,0,0,0,1,1,0,0,1,0,1,1,1,0,0,1,1,1,0,1,0,1,0,0,1,2,1
"311",1,0,0,1,1,1,1,1,1,0,1,0,1,0,1,0,1,1,0,0,1,0,0,0,1,0,1,1,1,1,1,0,2,1
"312",1,1,1,1,1,0,1,1,1,0,0,1,1,1,0,1,0,1,1,0,1,1,0,0,1,1,1,0,1,1,1,0,2,1
"313",1,0,0,0,0,1,0,1,0,1,0,1,0,1,1,1,0,0,0,0,0,1,0,0,0,1,1,0,0,1,1,1,1,2
"314",1,0,1,0,1,1,0,1,0,1,1,0,0,1,0,1,1,0,0,1,1,0,1,0,1,1,1,0,0,0,1,0,1,2
"315",1,1,0,1,1,1,0,0,1,0,1,1,1,0,1,0,1,0,0,0,0,1,0,0,1,1,1,1,1,1,0,1,2,1
"316",1,1,1,1,0,0,0,0,0,1,1,0,0,1,0,0,1,0,1,0,0,1,1,1,0,1,1,0,1,1,1,1,2,1
"317",0,0,1,1,0,1,0,0,0,0,1,0,1,0,1,1,0,1,1,0,1,0,1,0,0,1,1,0,1,1,1,0,1,2
"318",0,1,0,0,1,0,0,0,0,0,0,0,0,1,0,0,1,0,1,0,1,1,0,0,0,0,1,0,1,1,1,0,1,2
"319",0,1,0,1,1,0,0,1,0,0,1,1,1,0,0,0,1,0,0,1,0,1,0,0,1,0,1,1,0,0,0,1,2,1
"320",1,1,1,0,1,1,1,1,0,0,1,0,1,0,0,1,1,0,0,0,0,0,1,1,1,1,0,1,1,1,0,0,2,1
"321",1,1,0,0,1,1,1,1,1,0,1,0,0,0,1,0,1,1,1,1,1,1,0,0,0,1,1,1,0,0,0,1,2,1
"322",1,0,1,0,0,0,1,0,0,0,0,0,1,0,0,0,1,0,0,0,0,1,1,0,0,0,0,0,1,1,0,1,1,2
"323",1,0,1,1,0,1,0,1,1,1,0,1,0,1,1,0,0,0,0,0,0,0,0,1,0,1,1,0,0,0,1,0,2,1
"324",0,1,0,0,0,0,0,0,1,0,1,0,0,0,0,0,0,0,1,1,1,1,0,1,1,1,1,0,1,0,0,1,1,2
"325",1,1,1,1,1,1,0,1,0,0,1,0,0,1,0,0,1,1,1,0,0,1,0,1,0,1,0,1,1,0,1,1,2,1
"326",0,0,1,1,0,1,1,0,1,1,1,0,1,1,0,0,0,0,1,1,0,0,1,1,0,0,0,1,0,0,0,0,1,2
"327",0,1,1,0,1,0,0,0,0,0,1,0,0,0,1,1,0,1,0,1,0,0,1,0,1,1,0,1,1,1,0,1,1,2
"328",1,0,1,1,1,0,1,1,1,1,0,0,0,1,1,0,1,1,0,1,0,0,0,0,0,0,0,0,1,0,0,1,1,2
"329",0,1,1,0,1,1,1,1,1,1,1,0,1,1,1,1,1,1,0,0,0,1,1,1,0,0,1,0,0,0,1,1,1,2
"330",0,0,0,0,1,1,1,1,1,0,1,1,0,0,1,0,1,1,1,0,1,1,0,1,1,1,1,1,1,1,0,0,1,2
"331",1,1,0,0,1,0,0,1,0,0,1,0,0,1,1,1,0,0,0,0,1,1,1,1,0,0,1,0,1,0,1,1,2,1
"332",1,1,0,1,0,1,0,1,0,1,0,0,1,0,1,0,1,0,1,0,1,0,1,0,0,0,1,1,0,1,1,0,2,1
"333",0,1,1,1,1,0,1,1,1,0,0,1,0,1,1,1,1,0,1,0,0,0,0,0,0,1,1,0,1,1,0,1,1,2
"334",1,0,0,1,0,0,1,0,1,0,1,0,1,0,1,0,1,0,1,0,0,1,0,0,0,1,0,0,0,1,0,1,1,2
"335",0,0,1,0,0,0,0,0,0,0,1,0,1,1,1,1,0,0,1,1,1,1,1,0,1,0,0,1,1,1,0,1,1,2
"336",1,1,1,1,1,1,1,1,0,0,1,0,0,0,1,1,0,0,0,0,1,0,0,1,0,0,0,1,1,1,0,1,2,1
"337",1,0,0,1,0,0,0,1,0,0,1,0,0,1,0,0,0,0,1,1,0,0,0,1,1,1,0,0,0,0,1,1,1,2
"338",0,0,1,1,0,1,1,1,0,1,1,1,0,1,0,0,0,1,0,1,0,1,0,1,1,0,0,1,0,1,1,1,1,2
"339",1,0,0,1,1,0,1,1,1,1,1,0,1,1,0,1,0,1,1,1,1,1,1,1,1,1,0,0,0,1,0,1,2,1
"340",1,0,1,0,1,1,1,1,1,1,1,1,1,1,1,1,0,1,1,0,1,1,1,0,0,0,0,1,0,1,1,0,1,2
"341",1,0,1,1,1,1,0,0,0,1,0,1,0,0,0,1,0,1,1,0,0,1,0,1,0,0,1,1,0,1,1,1,1,2
"342",0,1,1,1,0,0,1,1,1,1,0,1,0,0,0,0,0,0,0,0,0,0,1,1,1,1,1,1,1,1,0,1,1,2
"343",1,1,1,1,0,0,1,1,0,0,0,1,1,1,0,1,0,0,0,0,0,1,1,1,1,0,1,1,1,1,1,1,2,1
"344",0,0,0,0,1,0,1,1,1,1,1,0,0,0,0,0,0,0,1,1,0,0,1,1,1,0,0,1,1,1,0,1,1,2
"345",1,1,0,1,1,0,0,1,0,1,0,1,0,1,1,0,1,1,0,1,1,0,1,0,1,1,1,1,1,0,0,1,2,1
"346",0,0,1,0,1,0,0,0,0,0,0,1,0,1,0,0,1,0,1,0,0,0,0,0,1,0,0,1,1,0,0,1,1,2
"347",1,1,0,1,0,1,1,0,0,1,0,0,0,1,0,1,1,1,1,0,0,0,0,0,0,0,0,0,1,0,0,1,2,1
"348",1,0,1,1,0,0,1,0,0,0,0,1,1,1,0,1,0,1,0,0,1,0,1,1,1,0,0,0,1,0,1,1,1,2
"349",0,0,1,0,1,1,0,0,0,1,1,1,0,1,1,1,1,1,1,0,0,1,0,1,1,1,0,1,0,0,1,0,1,2
"350",1,1,0,0,1,1,0,0,1,0,0,1,0,1,1,0,0,1,0,0,1,0,0,1,1,0,1,0,1,0,1,0,2,1
"351",0,1,0,0,0,0,0,1,1,0,0,0,0,0,1,0,0,1,1,1,1,1,0,0,1,1,0,1,1,0,1,0,1,2
"352",0,1,0,0,1,0,0,1,1,1,1,1,1,0,0,1,1,1,0,0,0,0,0,0,0,1,0,1,0,1,1,0,2,1
"353",1,1,1,1,0,0,1,1,1,1,0,1,0,0,0,1,1,0,0,1,1,0,0,0,1,0,0,0,0,1,0,1,2,1
"354",0,1,0,0,0,1,1,1,0,0,1,1,0,1,1,0,0,1,1,0,1,0,0,0,0,1,0,1,1,0,1,0,1,2
"355",1,0,0,0,1,1,1,1,0,1,0,0,1,1,0,1,0,1,0,1,1,1,1,1,1,1,0,1,1,0,1,0,1,2
"356",1,1,1,0,1,1,1,0,0,0,0,1,0,0,0,1,1,1,1,0,1,0,0,0,0,0,1,0,0,0,0,0,2,1
"357",0,1,1,1,1,0,1,0,0,0,0,1,1,1,0,1,1,0,1,1,0,1,0,0,0,0,0,0,1,0,1,0,1,2
"358",1,0,0,1,1,0,1,0,1,0,0,1,0,0,1,1,1,1,1,1,1,1,1,0,0,1,0,0,1,1,1,1,1,2
"359",0,0,1,0,1,0,1,0,1,0,1,0,0,0,0,0,1,0,0,1,0,0,0,0,1,1,0,1,0,1,1,0,2,1
"360",1,1,1,0,0,1,1,0,1,0,0,0,0,1,1,0,0,1,0,0,0,1,1,0,0,1,0,0,1,0,1,1,2,1
"361",0,0,1,1,1,1,1,0,1,0,0,0,0,0,1,0,1,0,1,1,0,1,1,1,1,0,1,0,1,1,1,0,1,2
"362",1,1,1,0,1,1,1,1,1,0,0,1,1,1,0,1,1,0,1,1,0,1,1,0,0,1,0,1,1,0,1,0,2,1
"363",0,0,1,1,0,0,1,0,1,0,1,0,1,0,0,1,1,0,1,1,1,1,1,0,0,0,0,1,1,0,0,1,1,2
"364",1,0,1,1,1,0,1,1,0,1,1,0,1,0,0,1,1,0,1,1,0,0,0,0,0,1,1,0,0,1,0,0,1,2
"365",0,1,0,1,1,0,0,0,0,0,0,0,0,1,0,1,1,1,1,1,1,1,1,0,1,1,0,1,0,1,0,1,1,2
"366",1,0,1,1,1,1,1,0,0,1,1,1,1,1,1,1,1,0,1,1,1,0,1,1,1,0,1,0,1,0,0,0,1,2
"367",1,1,1,1,0,1,1,0,0,0,1,1,1,1,1,0,0,1,1,0,1,0,0,1,1,0,1,1,0,0,0,0,2,1
"368",1,0,1,0,1,1,1,0,0,0,1,0,0,1,1,0,0,1,0,0,1,1,1,1,1,1,1,0,0,0,0,1,1,2
"369",0,1,0,1,1,0,1,1,1,0,1,1,0,1,0,1,1,0,0,1,0,0,0,1,1,1,1,0,0,1,0,0,1,2
"370",0,0,1,0,0,1,0,0,1,1,1,0,1,1,0,1,1,1,1,0,1,1,1,0,0,1,1,0,0,1,0,1,1,2
"371",1,1,1,0,0,1,1,1,1,1,1,0,1,0,1,0,1,0,0,0,1,1,1,1,1,1,0,0,0,0,0,1,2,1
"372",0,1,1,1,1,1,1,1,0,1,1,1,0,1,1,1,1,1,1,1,1,0,0,1,0,0,0,0,1,0,1,0,1,2
"373",0,0,1,1,0,0,0,0,0,1,0,1,0,1,0,1,1,0,1,1,0,1,1,1,1,0,1,0,0,0,0,0,1,2
"374",1,0,0,1,1,0,1,0,0,0,1,1,0,0,0,0,0,1,1,1,1,1,0,1,0,0,1,0,0,0,0,0,1,2
"375",1,1,1,1,0,1,1,0,0,0,0,0,0,1,1,1,1,1,1,0,1,0,0,1,1,0,0,1,1,0,0,1,2,1
"376",0,0,1,0,1,0,0,0,0,1,0,1,1,1,1,0,0,1,1,1,0,0,1,1,1,1,0,0,0,0,0,1,1,2
"377",1,0,1,1,1,0,0,1,0,1,1,0,0,1,0,1,0,1,1,1,0,1,1,1,1,0,1,0,0,0,1,1,1,2
"378",0,0,1,1,1,0,0,0,0,0,1,0,0,1,1,1,0,1,0,1,0,1,0,1,1,1,0,1,0,0,0,0,1,2
"379",1,1,0,1,1,0,0,0,1,0,1,1,0,1,0,0,1,1,0,1,1,1,1,0,1,0,1,1,0,0,1,0,2,1
"380",0,1,1,1,1,1,1,0,0,0,0,0,0,0,1,0,1,1,1,0,1,1,0,1,1,0,0,0,0,0,0,0,1,2
"381",0,1,1,1,1,0,1,1,0,0,0,0,0,1,1,1,1,1,1,0,1,1,1,0,0,1,0,0,0,1,0,0,1,2
"382",1,1,0,0,1,0,1,1,0,1,0,0,0,0,1,1,0,1,1,1,0,0,1,0,0,0,1,1,0,0,0,0,2,1
"383",1,1,0,0,0,1,0,1,0,0,0,0,1,0,0,0,1,1,0,1,1,0,0,1,0,0,0,1,0,0,1,1,2,1
"384",0,1,0,0,1,1,0,0,1,0,0,0,0,0,0,1,1,0,0,0,1,1,1,1,1,1,0,1,1,0,1,1,1,2
"385",0,1,1,1,0,1,1,0,0,1,1,1,0,0,1,1,0,0,0,1,0,1,1,0,0,0,1,1,1,1,0,1,2,1
"386",1,1,0,1,1,1,0,1,1,1,0,1,1,0,1,0,0,1,0,1,1,1,1,1,0,1,1,0,0,0,0,1,2,1
"387",1,0,1,0,1,0,1,0,1,1,0,0,1,0,0,0,0,1,0,1,1,0,1,1,0,1,1,1,1,1,1,1,1,2
"388",0,1,1,1,1,1,1,1,1,1,1,0,0,1,1,0,0,1,1,1,0,0,0,0,0,1,0,0,0,0,1,1,1,2
"389",1,0,1,0,1,0,1,1,1,1,1,1,0,0,1,0,0,1,1,1,0,1,0,0,0,0,0,0,0,0,0,1,1,2
"390",1,0,0,0,0,0,0,1,0,0,0,0,1,0,0,1,0,1,1,1,1,0,0,1,1,1,1,1,1,1,1,0,1,2
"391",1,1,0,0,0,1,0,0,0,0,1,0,0,1,0,1,0,0,0,0,0,1,0,1,0,1,0,0,0,1,1,0,2,1
"392",0,0,1,0,1,0,0,0,0,1,1,0,0,1,0,0,0,0,0,1,0,0,0,0,1,0,0,1,0,1,1,1,1,2
"393",1,1,1,0,1,1,1,0,0,1,0,1,0,0,1,1,0,1,1,0,0,0,1,1,0,1,1,0,1,1,0,1,2,1
"394",1,1,1,1,1,1,0,1,0,0,1,0,1,0,0,0,1,0,0,1,1,1,0,1,1,1,0,0,1,1,1,1,2,1
"395",0,0,0,1,1,1,1,1,0,1,1,1,0,1,1,1,1,0,1,0,1,1,0,0,0,1,1,0,1,1,1,0,1,2
"396",0,0,0,1,1,0,0,1,0,0,0,1,1,1,1,0,0,0,0,1,1,0,1,1,0,1,0,0,1,1,1,1,1,2
"397",0,0,1,0,0,1,1,0,1,0,0,1,0,1,1,0,1,1,0,0,0,1,0,0,0,0,1,1,0,0,1,1,1,2
"398",1,0,1,0,1,0,0,1,1,1,1,1,0,1,0,1,0,0,1,1,1,1,1,0,0,1,0,0,0,0,0,1,2,1
"399",0,0,0,0,0,0,0,1,1,0,1,0,1,1,1,0,0,1,1,1,0,1,1,1,1,1,1,1,1,0,0,1,2,1
"400",0,0,0,0,1,0,1,1,1,1,0,1,1,1,0,1,0,1,1,1,0,1,0,0,0,1,1,0,1,1,0,1,1,2
"401",0,0,0,0,0,1,1,1,0,0,0,1,1,0,0,1,0,0,1,0,0,0,1,1,1,0,1,0,1,0,0,0,1,2
"402",0,1,0,1,1,1,1,1,1,1,1,0,1,0,0,0,1,1,1,1,0,0,1,1,1,0,1,0,1,0,1,0,1,2
"403",0,0,0,1,0,0,0,1,0,1,1,0,0,1,1,1,0,0,1,1,0,0,0,0,1,1,1,1,0,0,0,0,1,2
"404",1,1,0,0,0,0,1,0,0,0,0,1,1,1,1,0,1,1,1,1,0,1,0,0,0,0,1,1,0,0,1,0,2,1
"405",0,0,0,1,0,0,0,1,1,1,1,0,1,0,0,0,1,0,0,0,1,0,0,1,1,0,0,0,0,0,0,1,1,2
"406",0,1,0,0,0,1,0,1,0,0,1,0,1,1,1,0,1,0,1,1,1,0,0,0,0,0,0,1,0,0,0,1,1,2
"407",0,0,0,0,1,0,0,1,0,0,0,1,0,1,0,0,1,0,0,1,0,1,1,1,1,0,1,0,0,0,1,0,1,2
"408",1,1,1,0,1,1,0,0,0,1,1,1,0,1,1,0,0,0,0,1,0,0,0,0,0,0,0,1,0,0,0,1,2,1
"409",1,0,1,1,1,1,1,1,1,0,0,0,1,1,1,0,1,1,1,1,1,0,0,1,1,1,1,0,0,0,1,1,1,2
"410",1,1,1,1,1,0,0,1,1,1,1,0,0,1,1,0,0,1,0,1,0,1,0,0,1,0,1,1,0,0,0,0,2,1
"411",1,0,1,1,1,1,0,1,1,0,0,1,0,1,0,1,0,0,1,1,0,0,0,1,0,0,0,0,0,0,1,1,1,2
"412",0,1,1,1,0,0,0,0,1,1,0,1,0,0,0,1,1,0,1,1,1,1,1,0,1,1,1,0,0,1,1,0,1,2
"413",1,1,0,1,0,1,1,0,0,1,0,0,1,0,0,0,1,1,1,0,1,0,1,0,0,1,1,0,1,0,0,0,2,1
"414",0,0,1,1,0,0,1,1,0,0,0,1,0,1,0,1,0,1,0,0,0,1,0,0,0,0,1,1,0,1,1,1,2,1
"415",0,1,0,0,0,0,0,1,1,1,0,1,0,1,1,0,1,0,1,0,1,1,1,1,0,0,0,0,1,0,0,0,1,2
"416",1,0,1,1,0,0,0,0,0,0,1,1,0,0,0,1,0,0,1,1,0,1,0,0,1,0,1,1,1,1,0,0,1,2
"417",1,0,1,0,1,0,0,0,0,1,0,0,0,0,1,1,1,0,1,1,1,0,0,1,1,0,1,0,1,0,1,0,1,2
"418",0,1,1,0,0,1,1,1,0,1,0,0,1,0,1,0,0,1,1,1,1,0,0,1,1,0,1,0,1,0,1,0,1,2
"419",1,1,0,0,1,0,1,1,1,0,1,1,0,1,1,0,0,1,0,0,1,0,1,0,0,1,0,1,1,0,1,0,2,1
"420",0,0,0,1,0,0,0,1,0,1,0,0,0,0,0,0,0,1,0,1,1,0,0,1,0,0,1,1,1,1,0,1,2,1
"421",1,1,1,1,0,0,1,1,1,0,0,1,1,1,0,0,0,0,0,0,1,1,1,1,1,0,1,0,1,1,1,0,2,1
"422",1,1,0,0,0,1,1,1,0,1,1,0,0,1,0,0,1,1,1,0,0,0,0,1,1,1,1,0,1,1,1,1,2,1
"423",0,1,0,0,0,1,0,0,0,1,0,1,1,1,0,1,0,1,0,0,0,1,1,0,1,0,0,0,1,0,1,0,1,2
"424",0,0,0,0,0,1,1,1,1,1,0,1,0,1,0,1,1,0,1,1,0,1,0,1,0,0,0,0,0,1,0,1,1,2
"425",1,0,1,1,0,0,1,1,0,1,0,1,1,1,1,1,1,0,1,0,1,0,1,1,1,0,0,0,0,1,1,0,1,2
"426",1,1,1,0,1,1,1,0,1,1,1,1,1,1,1,0,1,0,0,0,0,0,1,1,1,0,1,0,0,0,1,1,2,1
"427",1,1,0,1,0,1,1,1,1,1,1,1,1,1,0,0,1,0,1,1,0,0,0,1,0,1,0,0,1,1,1,0,2,1
"428",1,0,1,0,0,0,0,1,0,1,1,0,1,1,1,0,1,1,0,1,1,0,1,1,1,1,1,0,1,1,1,1,1,2
"429",1,0,1,0,0,0,0,0,0,0,0,0,1,1,0,0,0,1,0,0,0,0,1,1,0,1,1,1,1,1,0,0,1,2
"430",0,0,1,1,0,1,1,0,0,0,0,1,1,0,1,0,0,1,1,1,0,0,1,1,0,0,0,0,0,0,1,0,1,2
"431",0,0,0,1,1,1,1,0,1,0,0,1,0,1,1,1,1,1,1,1,0,1,1,1,1,0,1,1,1,0,0,1,1,2
"432",0,0,0,1,1,0,0,0,1,0,1,1,0,0,0,0,0,0,0,1,0,0,1,0,0,1,0,0,0,0,0,1,1,2
"433",0,1,0,1,1,1,1,1,0,0,0,1,1,1,1,1,0,1,1,0,1,1,0,1,0,1,0,0,1,0,0,0,2,1
"434",0,1,1,1,0,0,1,1,1,1,0,1,0,0,0,1,1,0,1,0,0,0,0,0,0,0,1,1,1,0,0,1,1,2
"435",0,0,0,0,0,0,1,1,0,0,1,0,1,0,0,0,1,0,1,0,0,1,1,0,1,1,1,0,1,1,0,0,1,2
"436",1,1,0,0,1,1,1,0,1,1,1,1,0,1,0,0,1,0,0,1,0,1,0,1,0,0,0,0,0,1,0,1,2,1
"437",0,1,1,0,0,1,0,1,0,1,1,1,1,0,1,1,0,1,0,1,0,0,1,0,0,1,1,1,0,0,0,0,1,2
"438",1,1,0,1,0,0,0,1,0,1,1,0,1,1,0,1,0,0,0,1,0,1,0,0,0,0,0,1,0,0,1,0,2,1
"439",1,0,1,0,0,1,0,1,1,1,1,0,1,0,1,1,0,1,0,0,0,1,1,0,1,0,1,0,0,0,1,0,1,2
"440",0,1,1,1,1,1,0,1,1,1,1,1,0,0,1,1,1,1,1,0,1,1,0,1,0,1,0,1,0,0,0,1,1,2
"441",0,1,0,0,0,1,0,1,0,1,1,0,0,0,0,1,1,0,1,0,1,0,0,0,1,0,0,0,0,1,1,1,1,2
"442",0,0,0,1,1,0,1,1,0,0,1,1,0,0,1,1,1,0,1,1,0,1,1,0,1,1,0,1,1,0,0,0,1,2
"443",1,1,0,0,1,0,1,1,0,0,0,1,1,0,1,0,1,0,1,1,1,1,1,1,0,1,1,0,0,1,0,1,2,1
"444",0,1,1,1,1,0,0,0,1,1,0,1,0,1,0,0,0,1,1,1,0,1,1,1,1,0,1,0,1,0,1,0,1,2
"445",0,0,1,1,0,0,0,1,1,0,1,0,1,1,0,1,1,1,1,0,1,0,0,0,1,0,0,1,0,0,1,0,1,2
"446",1,0,1,0,1,1,1,1,0,0,1,1,1,0,0,1,0,0,0,0,0,1,1,1,0,1,1,0,1,1,1,1,1,2
"447",1,0,1,0,0,0,0,0,0,0,1,0,0,0,1,0,0,1,1,1,1,1,0,0,1,1,0,0,0,1,0,0,1,2
"448",1,0,1,1,0,0,1,0,1,1,1,0,0,1,1,1,1,0,0,1,1,0,1,1,0,1,0,0,1,0,1,0,1,2
"449",0,1,0,1,0,0,1,1,1,1,1,0,1,1,1,0,1,0,0,0,1,0,1,1,1,0,1,0,0,1,0,1,1,2
"450",0,1,0,1,1,1,1,1,1,0,1,1,1,1,0,0,1,1,1,0,0,0,0,1,0,1,0,1,1,0,0,1,1,2
"451",1,0,0,1,1,0,0,0,1,1,1,0,0,0,0,1,1,1,0,0,1,0,1,1,0,1,1,1,1,1,0,0,1,2
"452",1,0,0,1,1,0,0,0,1,1,1,0,1,1,1,0,1,0,0,1,0,0,0,1,0,1,0,0,0,1,0,1,1,2
"453",1,1,1,1,1,0,1,0,1,1,0,1,1,1,1,1,0,1,1,0,0,1,0,0,0,0,0,1,0,1,1,1,2,1
"454",0,0,1,1,1,1,0,1,0,0,0,1,0,0,1,1,1,0,0,0,1,1,0,1,1,0,1,0,1,0,1,1,1,2
"455",1,0,1,1,1,0,1,0,1,1,0,1,0,1,0,0,1,1,0,1,0,0,1,1,1,0,1,1,1,0,0,1,1,2
"456",0,0,0,1,0,1,0,0,0,0,1,1,0,1,0,0,0,1,1,0,1,0,1,1,1,0,0,0,1,1,0,1,1,2
"457",1,0,0,1,0,0,0,0,1,1,0,1,0,1,0,1,1,0,0,0,1,1,1,1,1,0,1,1,0,0,0,1,1,2
"458",0,0,0,0,0,0,0,1,0,0,1,1,1,1,0,1,0,1,0,0,1,0,1,0,0,0,0,1,0,0,0,1,1,2
"459",1,1,1,1,0,1,1,1,0,0,0,0,0,0,1,1,0,0,0,0,0,1,1,0,0,0,0,0,0,0,1,1,2,1
"460",1,0,1,0,0,0,1,0,1,1,0,1,0,0,0,1,0,0,1,1,0,1,0,0,1,0,1,0,0,1,0,0,1,2
"461",1,1,0,1,1,0,1,1,0,0,0,1,1,0,1,1,0,0,1,0,1,0,0,0,0,0,1,0,0,0,0,1,2,1
"462",0,1,0,1,0,1,1,1,1,1,0,1,1,1,1,1,0,1,1,0,0,1,0,0,0,0,0,0,1,0,1,0,1,2
"463",0,1,0,0,1,0,1,0,1,1,1,1,0,1,0,0,1,1,1,0,1,1,1,0,1,1,0,0,0,1,1,0,1,2
"464",1,0,1,0,0,0,1,1,0,1,1,0,0,0,1,0,0,1,1,1,0,1,1,1,1,1,0,0,0,1,1,1,1,2
"465",0,1,1,1,0,1,0,0,1,0,1,1,1,1,0,0,1,0,0,1,1,0,0,1,0,1,0,0,0,0,0,0,1,2
"466",0,1,0,1,1,0,0,0,1,1,0,1,0,1,0,1,1,1,0,1,0,1,0,0,1,0,1,1,0,1,0,0,1,2
"467",1,1,0,0,0,0,0,0,1,1,1,0,1,1,0,1,1,1,0,0,0,1,0,1,1,1,1,1,1,1,0,0,2,1
"468",1,0,0,0,0,1,0,0,0,0,0,1,0,1,0,0,0,0,1,0,1,1,1,1,1,1,0,0,0,0,1,1,1,2
"469",1,0,0,0,0,1,0,0,0,1,1,0,0,1,1,1,0,1,0,1,0,1,1,1,1,1,1,1,0,1,0,0,1,2
"470",0,0,0,1,0,1,0,1,0,0,0,1,1,1,1,1,0,1,1,0,1,0,1,1,0,1,1,0,0,1,0,0,1,2
"471",1,1,1,0,0,0,0,1,0,0,1,0,1,1,1,0,0,1,0,0,0,1,0,0,1,0,1,1,1,1,1,1,2,1
"472",1,0,1,0,1,0,0,0,0,1,1,0,1,0,1,0,0,0,0,0,1,1,0,1,0,0,0,1,0,1,0,0,1,2
"473",0,1,1,1,0,0,1,0,1,0,0,1,1,1,0,0,1,1,1,1,0,1,0,0,1,0,1,1,0,0,0,1,1,2
"474",0,0,1,1,0,1,0,0,0,1,1,0,0,1,0,1,0,0,0,1,1,0,0,0,0,1,0,0,0,1,1,0,1,2
"475",0,0,1,1,1,1,1,0,0,0,0,0,1,1,1,1,0,1,1,0,1,0,0,1,1,1,0,0,0,1,0,0,1,2
"476",0,0,1,0,0,1,0,1,0,1,0,1,0,1,1,1,0,1,0,0,1,1,1,1,0,1,0,0,1,0,0,0,1,2
"477",1,1,0,0,0,0,1,1,1,0,1,0,1,0,1,1,0,1,0,1,1,1,0,1,0,1,1,1,0,1,1,1,2,1
"478",1,0,1,1,1,1,0,1,0,1,1,0,0,0,0,0,1,0,0,0,0,1,0,1,0,0,0,0,0,0,0,1,1,2
"479",1,1,1,0,0,1,0,1,0,0,0,1,1,1,0,0,1,0,1,1,1,1,0,0,0,1,0,1,1,0,0,1,2,1
"480",1,0,0,0,0,1,0,1,0,0,1,0,0,1,0,1,0,0,0,0,1,1,1,0,0,1,0,0,0,0,0,0,1,2
"481",1,0,0,1,1,0,0,0,0,1,1,0,0,1,0,1,1,1,0,1,0,1,0,0,0,0,0,0,1,0,1,0,1,2
"482",1,0,0,0,0,1,1,0,0,0,1,0,1,0,1,0,1,1,1,0,0,0,0,1,0,1,0,0,1,0,0,0,2,1
"483",1,0,1,0,0,1,0,1,1,0,1,0,1,0,1,0,0,0,1,0,0,1,1,0,0,1,0,0,0,0,0,0,1,2
"484",0,0,1,0,1,0,1,1,0,0,0,0,1,1,0,0,0,1,0,0,1,1,0,1,0,0,1,1,0,0,0,0,1,2
"485",0,0,1,0,1,0,1,1,0,1,1,1,1,1,1,0,0,1,1,1,0,1,0,0,1,1,1,0,0,0,1,0,1,2
"486",1,0,1,1,0,0,1,1,0,0,0,1,0,1,0,1,1,0,0,1,1,0,1,0,1,1,1,0,1,0,0,1,1,2
"487",0,1,1,1,0,0,0,1,0,1,1,0,1,0,1,1,0,1,1,1,1,1,0,1,0,1,1,0,0,0,1,1,1,2
"488",1,0,0,1,1,0,0,0,1,0,0,0,0,0,0,0,1,1,0,0,0,1,0,1,0,1,0,1,0,0,1,1,1,2
"489",0,1,1,0,0,0,0,0,1,0,0,0,0,1,0,1,1,1,0,0,0,1,1,1,1,1,1,0,1,1,1,1,1,2
"490",1,0,0,0,1,0,0,1,1,0,0,1,0,1,1,1,1,1,1,1,1,1,0,0,1,0,0,1,0,0,0,0,1,2
"491",0,0,0,1,0,1,0,0,1,1,0,0,1,0,0,0,1,0,1,1,1,0,1,0,1,1,0,1,1,1,0,0,1,2
"492",0,0,0,1,1,0,0,0,1,1,0,1,0,1,1,1,1,1,1,1,1,1,1,0,0,1,1,0,0,1,1,1,1,2
"493",0,1,1,1,0,1,1,0,0,0,0,1,0,1,0,1,0,0,1,0,0,1,1,0,0,0,1,0,1,0,0,0,1,2
"494",1,0,0,0,0,0,0,0,0,0,1,1,1,0,0,0,0,0,1,0,1,0,0,1,1,1,0,0,1,0,0,1,2,1
"495",1,1,1,0,0,1,0,1,1,0,0,0,0,0,1,0,0,0,0,1,0,0,0,1,1,0,1,0,0,0,1,0,2,1
"496",1,0,0,0,1,0,0,0,0,0,0,1,1,0,1,1,0,1,0,0,0,0,1,1,1,0,0,1,0,0,1,1,1,2
"497",1,0,1,0,0,1,1,0,1,1,1,0,0,0,1,1,0,1,0,1,1,1,1,1,1,0,0,0,0,0,0,0,1,2
"498",0,0,0,1,0,0,1,0,0,1,1,0,0,0,0,0,0,0,1,0,0,0,1,1,1,0,1,1,1,1,0,0,1,2
"499",0,0,0,0,0,0,0,0,0,1,1,1,0,1,1,1,0,0,1,1,0,1,1,0,0,0,1,1,0,1,1,1,1,2
"500",1,0,0,1,1,1,0,1,1,0,1,0,1,1,0,0,1,0,0,0,1,1,0,0,0,0,1,0,1,1,1,1,1,2
"501",1,1,1,0,1,0,1,0,1,0,1,1,1,0,1,1,1,1,1,1,0,1,0,0,1,0,0,0,0,1,1,0,2,1
"502",0,0,0,1,0,0,0,1,0,1,0,0,1,0,0,0,0,0,0,1,0,1,0,1,1,1,1,1,1,1,1,1,1,2
"503",1,0,1,1,1,1,1,0,1,0,0,0,1,1,1,1,1,0,0,1,1,0,1,1,0,0,1,0,1,0,1,0,1,2
"504",1,0,1,1,0,1,0,0,1,0,1,1,0,0,0,1,1,0,0,1,1,0,1,1,0,1,1,0,0,1,0,1,1,2
"505",0,0,0,0,0,0,1,1,0,0,0,1,0,1,1,0,0,1,0,0,1,0,0,0,1,0,1,0,1,1,1,1,1,2
"506",1,1,0,0,1,0,1,0,1,0,0,1,1,1,0,1,0,0,1,0,0,0,1,1,1,0,0,1,0,1,1,1,2,1
"507",1,1,0,0,1,1,1,0,0,0,0,1,0,0,0,0,1,1,1,0,1,1,1,1,0,0,1,0,1,0,1,1,2,1
"508",0,0,0,0,0,1,1,1,0,1,1,1,1,0,1,1,1,1,0,0,0,0,0,0,1,0,0,1,1,1,1,1,1,2
"509",0,0,0,0,1,1,1,0,1,1,0,0,1,0,0,1,0,0,0,0,1,0,0,0,0,0,0,0,1,0,0,1,1,2
"510",1,1,0,0,0,0,0,0,1,0,0,1,1,1,0,1,0,0,1,1,1,0,1,0,0,0,0,1,0,1,1,0,2,1
"511",0,0,0,0,1,1,0,1,1,0,0,0,0,1,0,1,1,1,0,0,0,0,0,1,0,0,0,0,1,0,1,1,1,2
"512",0,0,0,0,0,1,0,1,1,1,0,0,0,0,1,0,1,0,1,1,0,0,0,1,1,1,1,1,0,0,0,1,1,2
"513",1,0,1,1,0,0,0,0,1,0,1,0,0,1,1,1,1,0,0,1,1,1,0,1,0,0,0,1,0,1,1,1,1,2
"514",1,0,0,1,1,1,0,1,1,1,1,0,0,0,0,0,0,1,1,1,1,0,1,0,0,0,0,1,1,0,0,1,1,2
"515",1,0,1,0,1,1,1,0,0,1,1,0,0,0,1,0,1,0,1,0,0,1,1,1,1,1,0,0,0,0,0,0,1,2
"516",1,0,1,0,0,0,1,1,1,0,1,1,1,0,1,0,0,0,0,0,1,1,0,0,0,0,1,0,0,1,0,0,1,2
"517",0,1,1,1,0,0,1,1,1,1,1,0,0,0,0,1,0,1,1,0,1,1,0,0,1,0,1,1,1,1,1,0,2,1
"518",1,0,1,1,0,1,1,1,0,0,1,0,0,0,1,0,1,1,0,1,1,1,0,0,0,0,0,1,0,1,1,0,1,2
"519",0,1,1,1,1,1,0,1,0,1,1,1,1,0,0,1,0,1,1,1,0,1,0,1,1,0,0,0,1,1,1,1,1,2
"520",0,1,1,1,0,1,1,0,0,1,1,1,0,1,1,0,0,1,0,0,1,1,1,1,0,0,0,1,1,1,1,1,1,2
"521",1,0,1,1,1,0,0,1,0,0,0,0,1,1,1,1,1,0,0,1,0,1,1,1,1,1,0,1,0,1,1,0,1,2
"522",0,1,1,0,1,1,0,1,1,1,0,1,0,0,1,0,0,0,1,1,0,1,1,0,0,0,1,0,0,0,1,1,2,1
"523",0,1,0,0,0,0,1,1,1,0,1,1,0,0,0,1,1,1,0,0,1,0,1,1,1,0,0,0,0,1,0,0,1,2
"524",1,1,1,1,1,0,1,0,1,0,0,1,0,0,1,1,0,0,1,0,0,0,1,0,0,1,1,0,0,0,1,1,2,1
"525",0,0,1,0,0,0,1,0,0,1,1,0,1,1,0,0,0,0,0,1,1,0,1,1,1,1,0,1,1,1,0,0,1,2
"526",0,1,1,1,1,0,0,0,0,1,1,1,0,1,0,1,0,1,1,1,0,0,1,1,1,0,1,1,0,1,1,0,1,2
"527",1,0,1,0,1,1,1,1,0,0,0,1,1,1,1,0,0,0,0,0,1,1,0,0,0,0,0,0,1,0,0,0,1,2
"528",0,0,0,1,0,1,1,1,0,0,0,1,1,0,0,0,0,1,1,1,1,0,0,0,0,1,1,0,1,0,0,0,2,1
"529",1,1,1,1,0,1,1,1,1,0,1,1,1,0,1,0,1,0,1,1,1,1,1,0,1,0,0,1,1,0,0,1,2,1
"530",0,0,1,0,1,0,1,0,1,0,0,1,0,0,0,1,0,0,1,1,0,0,0,1,0,0,0,0,1,0,1,1,2,1
"531",1,1,0,0,0,0,1,0,0,1,0,1,1,0,0,0,1,0,0,1,1,1,0,0,0,0,1,1,0,1,0,0,2,1
"532",0,1,0,1,0,0,1,0,0,1,1,0,1,0,0,1,0,1,0,0,1,1,0,1,0,1,0,1,1,1,0,1,1,2
"533",1,1,0,0,1,0,1,1,0,1,1,0,0,1,0,1,1,1,0,1,0,0,0,1,1,1,1,0,0,1,0,0,2,1
"534",0,1,1,0,0,1,1,1,0,0,1,0,0,1,0,1,0,0,0,1,0,1,1,0,1,0,0,0,1,1,0,0,1,2
"535",0,0,0,1,1,1,0,1,1,1,0,1,0,0,1,1,0,0,0,0,1,1,1,1,1,1,1,1,0,0,1,1,1,2
"536",0,1,1,0,1,0,0,0,0,1,0,0,1,1,0,1,0,0,1,0,1,0,1,1,0,0,1,0,0,1,1,0,1,2
"537",0,1,1,1,1,0,1,1,1,0,1,0,1,0,0,0,0,1,0,0,0,0,0,1,0,1,0,0,1,1,0,0,1,2
"538",0,0,0,1,0,1,1,0,1,0,1,1,0,0,1,0,1,0,0,1,1,1,0,0,0,1,0,0,1,0,0,0,1,2
"539",1,1,1,0,0,1,0,0,0,1,0,1,0,1,1,1,0,1,1,1,0,0,1,0,1,0,0,0,0,0,0,1,2,1
"540",0,0,1,0,1,0,0,0,1,0,0,1,1,1,0,1,0,0,1,0,1,1,0,0,1,1,1,1,1,1,1,0,1,2
"541",0,0,0,0,0,0,1,1,1,1,0,1,1,1,0,0,1,1,0,0,1,1,1,1,0,0,0,0,1,0,0,1,1,2
"542",0,1,1,1,0,1,0,1,1,1,0,1,0,1,1,1,1,0,0,1,1,1,0,1,1,0,0,1,1,0,1,1,1,2
"543",1,0,1,1,0,1,0,1,0,1,0,0,0,0,1,0,0,0,1,0,1,0,1,1,1,1,1,0,0,1,0,0,1,2
"544",1,1,0,0,1,0,1,1,0,1,0,1,1,0,0,0,0,0,1,1,0,1,1,0,1,0,1,0,0,0,0,0,2,1
"545",1,1,0,0,0,1,1,1,1,0,1,1,1,1,1,1,0,0,0,1,1,0,1,1,0,0,1,0,0,1,0,1,2,1
"546",1,0,0,0,0,1,1,0,1,0,1,0,1,1,0,0,0,0,1,0,1,0,1,1,0,0,1,1,0,0,0,1,1,2
"547",1,0,0,0,0,0,1,1,0,1,0,0,0,0,0,0,1,0,1,0,1,0,0,1,0,1,0,0,0,0,0,0,1,2
"548",1,0,0,1,1,0,1,0,1,0,0,1,1,0,0,1,1,0,1,0,1,0,1,1,1,0,0,1,1,0,0,1,1,2
"549",0,0,0,1,0,1,1,0,1,1,1,1,1,0,1,0,1,1,1,1,0,1,0,0,0,1,1,0,0,1,0,1,1,2
"550",1,0,0,1,1,0,1,1,1,0,1,0,0,1,0,1,1,0,0,0,0,0,0,0,1,1,0,0,1,0,0,1,1,2
"551",1,0,0,0,1,0,1,0,1,0,0,0,1,0,0,1,1,0,0,1,1,1,0,1,0,0,0,1,1,0,0,0,1,2
"552",0,1,0,1,0,0,1,1,1,1,1,0,1,1,0,0,0,1,1,0,0,1,1,1,1,0,0,1,1,0,0,0,1,2
"553",1,0,1,1,0,1,1,1,1,1,0,1,1,0,0,1,0,1,1,1,1,1,1,1,0,1,1,1,0,0,1,0,1,2
"554",0,0,1,1,0,0,1,0,1,0,0,1,0,1,1,0,1,1,0,0,0,1,1,1,1,0,1,1,1,1,1,0,1,2
"555",1,0,1,0,1,1,0,0,0,1,1,0,0,1,1,1,1,0,0,1,1,1,0,1,0,0,1,0,1,1,1,1,1,2
"556",1,1,0,1,0,1,0,0,0,1,1,1,0,0,0,1,0,0,1,1,1,1,0,0,1,0,1,1,1,0,1,0,2,1
"557",1,0,1,0,0,1,1,1,0,0,1,1,0,0,1,0,1,1,0,0,0,0,0,0,0,1,0,0,1,1,0,0,1,2
"558",1,1,1,0,1,0,1,0,0,1,0,0,0,0,1,0,0,1,0,0,0,0,0,1,1,0,1,1,1,0,0,0,2,1
"559",1,1,0,1,1,1,0,0,0,0,0,1,1,1,1,0,0,1,0,1,0,1,0,1,1,0,1,1,0,1,1,0,2,1
"560",0,0,0,1,0,0,1,0,0,0,0,1,0,1,1,1,0,0,1,1,0,0,0,0,1,1,1,1,1,1,0,0,1,2
"561",0,0,1,0,1,1,1,0,0,1,1,0,0,0,1,1,1,1,0,1,1,1,1,1,1,0,0,1,1,1,0,0,1,2
"562",0,1,1,0,1,1,0,1,1,0,1,1,1,1,1,1,0,0,1,0,0,0,0,0,0,0,1,0,1,1,0,1,1,2
"563",0,0,1,0,1,0,1,0,1,0,1,0,1,0,1,0,0,1,0,1,1,0,0,0,0,0,0,0,0,1,0,0,2,1
"564",1,1,0,1,1,1,1,1,1,0,0,0,0,0,1,1,1,0,0,0,0,1,0,0,1,0,0,0,1,0,1,0,2,1
"565",1,1,1,1,0,0,1,0,1,1,1,0,0,1,0,1,0,0,0,1,1,1,0,1,0,0,1,1,0,0,0,0,2,1
"566",1,1,0,1,1,0,0,1,0,0,1,0,1,1,1,0,0,1,0,1,0,1,0,1,0,0,1,0,1,0,1,1,2,1
"567",1,1,0,1,0,0,0,1,0,1,0,0,0,1,1,1,0,0,1,1,0,1,0,0,1,1,0,1,0,0,1,0,2,1
"568",1,1,1,1,0,1,1,1,1,1,1,1,0,1,0,1,1,1,1,0,0,0,0,0,0,0,0,0,0,1,1,0,2,1
"569",1,0,1,0,1,1,1,1,0,0,1,1,1,0,1,1,0,0,0,0,1,0,0,0,1,0,1,0,0,1,1,0,1,2
"570",1,1,1,1,0,0,1,0,1,1,0,1,0,1,1,0,1,0,1,0,0,1,0,0,1,0,0,1,0,0,1,0,2,1
"571",1,0,0,1,1,1,1,0,1,1,0,1,0,1,0,0,0,0,1,1,0,1,0,0,1,0,0,0,0,1,0,0,1,2
"572",0,0,0,1,0,0,1,0,1,1,1,1,0,1,1,0,1,1,1,1,0,0,1,0,1,0,1,0,1,0,1,0,2,1
"573",1,0,1,0,0,1,0,0,1,0,1,1,1,1,1,0,1,0,1,1,0,0,1,1,1,0,0,1,1,1,1,0,1,2
"574",0,0,1,1,0,0,0,0,0,0,0,1,0,1,1,0,0,0,0,0,0,1,1,1,1,0,1,0,0,0,0,0,1,2
"575",1,1,0,1,1,0,0,1,0,1,0,1,1,1,0,0,0,0,0,0,0,1,0,1,0,0,1,1,1,0,0,1,2,1
"576",1,0,1,1,0,0,1,0,1,1,1,0,0,0,1,1,1,1,0,1,1,0,1,1,0,1,0,1,1,0,0,0,2,1
"577",1,0,1,1,1,0,1,0,0,0,0,0,1,1,0,1,1,1,0,1,1,1,0,1,0,0,1,1,0,0,0,1,1,2
"578",1,0,0,0,1,0,1,1,1,0,1,0,1,1,1,1,1,1,1,1,1,0,1,0,0,1,0,0,0,1,0,0,1,2
"579",1,1,1,1,0,1,1,1,1,0,0,0,0,0,1,0,0,1,1,0,1,1,0,0,1,1,0,1,0,1,1,0,2,1
"580",0,0,1,1,1,0,1,0,1,1,0,1,1,0,1,1,0,1,1,0,0,0,0,1,1,0,0,1,0,0,0,0,1,2
"581",1,0,1,0,0,0,0,1,1,0,1,0,0,1,0,1,1,0,1,1,0,1,0,1,0,0,1,0,0,1,0,1,1,2
"582",1,1,0,1,0,1,1,1,1,1,1,0,0,1,0,0,0,0,1,1,1,1,1,0,0,0,0,1,0,1,1,0,2,1
"583",1,0,0,1,0,1,0,1,0,0,0,1,0,0,0,0,1,0,0,0,1,0,0,1,0,0,0,1,1,0,0,0,1,2
"584",0,1,1,0,1,1,0,1,1,1,1,0,0,0,0,1,0,1,0,1,1,0,1,1,1,1,1,1,0,0,0,0,1,2
"585",1,0,1,0,0,1,0,0,1,1,0,1,1,1,1,0,1,1,1,0,0,0,0,1,0,1,1,0,1,0,1,1,1,2
"586",0,0,0,1,1,0,1,1,1,1,0,0,1,1,1,0,1,1,1,0,0,1,1,1,1,0,0,1,0,1,0,0,2,1
"587",1,1,1,0,1,0,1,0,0,1,1,0,0,1,0,1,1,1,0,0,0,0,0,1,0,1,1,1,0,0,0,1,2,1
"588",1,1,1,1,0,1,0,1,0,0,0,1,0,1,0,1,1,0,1,1,0,1,0,1,0,0,1,0,0,0,0,0,2,1
"589",1,1,1,1,0,1,0,0,1,0,1,0,1,1,1,0,1,1,1,1,1,0,1,0,1,0,0,0,1,1,1,0,2,1
"590",0,0,0,1,0,0,0,1,1,1,0,0,0,0,1,0,1,1,1,0,1,1,0,1,0,0,1,1,0,1,0,1,1,2
"591",1,0,1,0,0,1,1,0,1,1,0,1,0,1,1,1,0,0,0,1,1,1,0,0,0,1,0,0,1,1,0,1,1,2
"592",0,1,1,0,0,0,1,0,1,1,1,1,0,0,0,0,0,1,1,1,1,1,1,1,1,1,1,0,1,1,1,1,1,2
"593",0,1,0,1,0,0,1,0,0,0,0,0,1,0,1,1,0,0,1,1,1,1,0,0,1,1,1,1,0,1,0,0,1,2
"594",0,0,1,1,0,1,1,1,1,0,1,1,0,0,1,1,0,0,1,1,1,1,0,1,0,1,0,0,1,0,1,0,1,2
"595",0,0,1,0,1,1,1,0,1,1,0,0,0,0,0,0,1,0,1,0,0,1,1,1,0,0,1,0,0,1,1,0,1,2
"596",0,0,1,1,0,0,1,1,0,1,1,0,1,0,0,1,0,0,1,0,0,1,0,0,0,0,0,0,1,1,0,0,1,2
"597",1,0,0,0,1,1,1,1,1,1,1,1,1,1,0,1,1,0,1,1,1,0,1,1,1,0,0,1,1,1,0,0,1,2
"598",1,1,1,1,1,0,0,0,1,0,0,0,0,0,0,1,0,0,0,0,1,1,0,0,0,0,1,0,0,0,0,1,2,1
"599",1,0,0,0,0,0,1,1,0,1,0,0,1,1,0,1,1,0,0,1,0,0,1,1,1,0,1,1,0,1,0,0,1,2
"600",1,1,1,0,1,0,0,0,0,0,0,0,0,1,0,0,1,0,0,0,1,0,1,1,0,1,1,1,1,1,0,0,2,1
"601",0,0,0,0,0,0,1,1,1,1,0,0,0,1,1,1,1,1,1,0,1,1,0,0,0,0,1,1,0,0,1,0,1,2
"602",1,0,0,0,0,0,1,0,0,1,1,0,0,0,0,0,0,1,0,0,1,0,1,0,1,1,0,1,1,0,0,0,1,2
"603",1,1,1,0,0,1,0,1,0,0,0,0,1,1,1,1,0,0,0,1,1,1,1,1,0,1,0,0,1,1,1,1,2,1
"604",1,0,0,1,0,1,1,1,1,1,1,1,0,1,1,0,0,1,1,0,0,0,1,1,1,1,1,0,0,1,0,0,1,2
"605",0,0,1,1,0,1,1,1,1,1,0,0,1,0,1,1,0,1,1,1,0,0,1,0,0,1,0,0,1,1,1,1,1,2
"606",0,0,0,0,1,1,1,0,1,0,0,1,0,0,0,1,0,0,0,0,1,1,1,1,0,1,0,0,1,1,1,1,1,2
"607",1,0,1,1,0,1,1,0,1,0,0,0,0,1,1,1,0,0,0,1,1,0,1,1,1,0,0,0,1,0,1,0,1,2
"608",1,1,0,0,0,0,1,0,0,1,0,1,1,1,0,1,0,1,1,1,0,0,0,1,0,0,0,0,1,0,1,1,2,1
"609",1,0,0,0,0,1,1,1,0,0,1,0,1,1,0,0,1,0,1,0,1,0,0,1,1,1,0,0,1,1,0,0,1,2
"610",0,1,0,0,0,1,0,1,0,0,1,0,0,0,1,0,1,1,0,1,1,0,1,0,0,0,0,1,0,0,0,0,1,2
"611",1,0,0,0,1,0,1,1,0,0,0,0,1,0,1,1,0,0,0,0,0,1,0,0,1,0,0,1,0,0,0,0,1,2
"612",1,0,0,1,1,0,0,0,1,1,1,1,0,0,0,0,0,1,0,0,0,0,1,0,0,0,0,1,1,0,1,1,1,2
"613",0,1,1,0,1,1,0,0,1,0,0,0,0,0,1,1,0,1,0,1,0,0,0,1,0,0,0,0,1,1,0,1,1,2
"614",0,1,0,0,1,0,0,1,0,1,0,0,0,0,0,0,1,0,1,1,0,0,1,0,0,0,0,1,0,1,1,0,1,2
"615",0,0,1,0,0,1,0,0,1,1,1,1,1,1,1,1,0,1,1,0,0,0,1,0,1,0,1,0,0,0,0,1,2,1
"616",1,1,0,1,1,1,1,1,0,1,0,0,1,1,0,1,0,0,0,0,1,1,1,0,0,1,1,1,0,0,1,0,2,1
"617",1,0,0,0,0,1,0,1,0,0,0,0,0,1,1,1,1,1,1,0,1,0,0,0,1,0,1,1,1,0,1,1,1,2
"618",0,1,1,0,0,1,1,1,0,0,0,0,0,0,0,1,1,1,1,1,1,0,0,1,1,0,0,1,0,0,1,0,1,2
"619",1,0,0,0,0,1,1,0,1,0,1,0,1,0,0,1,0,0,1,1,1,0,0,1,1,0,0,1,1,0,1,0,1,2
"620",1,0,1,1,0,1,1,1,0,0,1,0,0,1,0,1,1,0,0,1,0,1,0,1,0,1,0,1,0,0,0,1,1,2
"621",1,1,1,0,0,1,0,0,1,1,0,0,0,0,1,0,1,0,0,0,1,0,0,0,0,1,1,1,1,1,1,0,2,1
"622",1,0,1,0,0,0,1,0,0,1,0,1,0,1,1,0,1,0,0,0,1,0,1,1,0,0,1,1,0,1,1,0,1,2
"623",1,1,0,0,1,0,0,0,0,1,0,0,0,1,0,1,0,1,0,1,0,1,1,1,1,1,1,0,1,1,1,1,2,1
"624",1,1,0,1,0,1,1,1,0,1,1,1,0,1,1,1,1,0,0,0,1,0,1,0,1,0,0,0,0,0,1,0,2,1
"625",0,1,0,1,0,0,1,0,1,1,0,0,1,0,1,1,1,1,1,0,1,0,1,0,0,0,1,1,0,0,1,1,1,2
"626",0,1,1,1,0,1,1,1,0,0,1,0,0,0,0,1,1,1,1,1,1,0,1,0,1,0,1,0,0,0,1,0,1,2
"627",1,1,0,0,0,0,0,1,0,1,1,0,1,1,1,1,1,1,1,1,0,0,1,0,1,1,1,0,0,1,0,1,2,1
"628",0,0,0,1,0,0,1,0,1,1,1,0,1,1,1,1,1,1,1,1,1,1,1,1,0,1,0,1,1,1,1,0,1,2
"629",0,0,0,1,1,0,1,0,0,1,1,0,1,1,1,0,0,0,1,1,1,0,1,1,0,0,0,1,0,1,0,0,2,1
"630",0,1,0,0,1,0,1,0,0,1,0,0,0,0,0,0,0,0,1,0,1,1,0,1,1,0,0,0,0,1,1,0,1,2
"631",0,0,1,0,1,0,1,1,1,0,1,0,0,0,1,0,1,1,0,0,0,1,1,1,1,1,1,0,0,1,1,1,1,2
"632",0,0,1,1,0,0,0,0,0,0,1,0,1,0,0,0,0,1,1,1,1,0,1,1,0,1,0,1,1,1,1,0,1,2
"633",0,0,0,0,1,1,1,0,1,1,0,1,1,0,0,0,0,0,0,0,0,1,0,0,1,0,0,0,0,0,1,1,1,2
"634",0,0,1,1,1,1,0,0,1,0,0,0,1,1,1,0,0,0,0,0,1,1,0,0,1,1,1,0,0,0,1,1,1,2
"635",0,0,0,1,1,0,0,0,0,1,0,0,0,0,1,0,1,1,1,0,0,0,0,0,0,1,1,1,0,0,0,1,1,2
"636",1,0,1,0,1,1,0,1,0,0,0,1,0,0,0,1,0,1,0,0,0,0,0,1,0,0,0,1,1,1,0,0,1,2
"637",1,1,1,0,0,1,1,0,1,0,0,0,1,1,1,1,0,1,0,1,0,0,0,1,1,1,0,0,0,0,1,0,2,1
"638",0,0,0,0,1,0,0,1,0,1,0,0,0,0,1,1,1,0,1,1,0,1,1,1,1,0,0,1,0,1,0,1,2,1
"639",1,1,1,1,1,1,0,0,0,1,1,1,1,0,0,0,0,0,1,0,1,1,1,1,1,1,0,1,0,0,0,1,2,1
"640",0,0,1,0,1,0,0,1,1,1,1,1,0,1,1,0,0,0,0,1,0,1,0,1,1,0,1,0,1,0,1,1,1,2
"641",1,1,1,1,0,1,0,0,0,0,1,0,0,0,1,0,1,0,0,0,1,0,0,0,0,1,1,1,0,1,0,0,2,1
"642",0,1,1,0,0,0,0,1,0,1,1,0,0,1,1,0,0,0,0,1,0,0,1,0,0,0,1,0,0,0,1,0,1,2
"643",0,0,0,0,1,0,0,0,0,1,1,1,0,0,1,1,0,1,1,1,1,0,0,0,0,1,0,1,0,0,1,1,1,2
"644",1,0,1,1,1,0,1,0,0,1,0,0,1,0,0,0,1,1,0,1,0,0,0,0,0,0,1,0,1,1,0,1,1,2
"645",1,0,0,0,0,0,0,1,1,1,1,1,0,1,0,0,0,1,0,1,1,0,1,0,0,1,0,1,1,0,1,0,1,2
"646",0,1,0,1,1,1,1,0,1,0,0,0,0,1,0,1,0,0,1,0,0,1,1,0,1,1,0,1,0,1,0,1,1,2
"647",1,0,1,1,1,1,1,1,0,0,0,1,0,1,0,0,0,0,0,0,1,1,0,0,0,1,0,0,1,1,1,0,1,2
"648",1,1,0,1,1,1,1,1,0,1,1,1,0,1,0,1,1,1,0,0,0,0,1,1,0,1,0,0,0,0,1,1,2,1
"649",0,0,1,1,0,0,1,1,1,1,0,1,0,1,1,0,0,1,1,0,0,0,0,0,0,0,1,0,1,0,1,1,1,2
"650",0,0,1,1,0,1,1,1,1,1,0,0,0,0,1,0,0,1,0,0,0,1,0,1,1,1,1,1,0,0,1,1,1,2
"651",1,0,0,1,1,0,0,0,1,0,0,0,0,1,1,1,0,1,1,1,1,0,1,0,1,1,1,0,0,1,0,1,2,1
"652",1,1,1,1,0,1,1,0,0,1,1,0,1,1,0,1,0,0,1,1,0,0,1,0,0,1,0,1,1,0,1,0,2,1
"653",0,0,1,1,0,1,1,1,1,0,1,1,0,0,0,0,0,1,0,1,1,0,0,1,0,1,0,1,0,0,0,1,1,2
"654",1,1,0,1,0,1,1,0,1,1,0,0,0,1,0,1,1,1,1,0,1,0,0,0,0,1,0,1,0,1,0,0,2,1
"655",1,1,1,0,0,0,0,0,1,1,0,0,1,1,1,0,1,0,0,0,1,1,1,0,1,0,0,1,0,1,1,1,2,1
"656",0,1,0,1,0,0,0,0,0,0,1,0,0,1,1,0,0,0,0,1,1,0,0,0,1,0,0,0,0,1,1,1,1,2
"657",0,0,1,1,0,0,0,1,1,1,1,1,0,0,1,1,1,0,0,1,1,0,0,0,1,1,0,0,0,0,1,1,1,2
"658",1,1,1,0,0,1,1,1,1,1,0,0,1,1,1,0,0,1,0,0,0,1,0,0,0,0,1,1,0,0,0,0,2,1
"659",0,1,0,0,1,0,1,1,0,1,0,1,1,1,0,0,1,1,1,0,1,1,1,0,1,1,0,0,0,0,1,0,1,2
"660",0,1,0,1,0,0,0,0,0,1,1,0,0,1,1,0,1,0,0,0,0,1,1,1,1,1,0,1,1,0,0,1,1,2
"661",0,1,0,1,0,1,1,1,0,0,0,1,1,0,1,0,1,1,0,1,1,1,0,1,0,0,1,1,0,1,0,0,1,2
"662",0,1,1,0,0,0,0,1,1,1,1,0,1,0,1,1,1,1,0,0,1,1,0,0,1,1,0,0,1,1,0,0,1,2
"663",0,1,0,1,0,1,1,1,0,1,1,1,0,1,0,1,0,1,1,0,0,0,0,0,1,1,0,0,0,0,0,0,1,2
"664",1,1,0,1,1,1,0,0,1,1,1,1,1,1,1,1,0,1,0,1,1,1,0,1,0,1,1,1,1,1,0,0,2,1
"665",1,1,1,0,1,1,1,1,1,1,0,0,1,1,0,1,0,1,1,1,1,1,0,1,1,0,0,1,1,1,0,0,2,1
"666",0,1,1,1,0,0,0,1,1,1,0,1,0,1,1,0,0,1,1,0,0,1,0,0,1,1,0,1,0,0,1,1,1,2
"667",1,0,1,1,1,1,0,1,1,1,0,0,0,1,0,0,1,1,0,0,1,1,1,1,0,0,0,0,1,0,1,0,1,2
"668",1,1,1,0,1,1,1,1,0,0,1,1,1,0,1,1,0,1,0,1,0,0,1,1,0,1,1,0,0,1,0,1,2,1
"669",0,1,1,1,0,1,1,0,0,1,0,0,0,0,0,0,0,1,1,1,1,1,1,1,0,1,1,0,1,1,1,0,1,2
"670",1,0,1,0,1,1,1,1,1,1,1,1,0,0,0,1,1,1,1,1,1,1,0,0,1,1,1,0,1,0,1,1,1,2
"671",1,1,1,1,1,0,1,1,0,0,0,1,1,0,1,1,0,0,1,0,1,1,0,0,1,0,1,1,1,0,0,1,2,1
"672",0,0,1,1,1,1,0,0,0,0,0,0,1,0,1,1,0,0,0,0,1,0,0,1,1,0,0,0,0,1,1,1,1,2
"673",1,1,1,0,1,0,0,0,0,0,1,1,1,0,1,1,0,0,1,1,0,0,0,0,1,0,0,1,1,1,0,0,2,1
"674",1,1,0,1,0,1,0,0,1,1,0,1,1,0,0,0,1,0,0,1,0,1,0,0,1,0,1,1,0,0,0,0,2,1
"675",1,0,0,0,0,1,1,0,1,0,1,1,1,1,0,1,1,0,1,1,0,0,0,0,1,1,0,1,0,0,0,1,1,2
"676",0,1,1,1,1,1,1,1,1,0,0,0,1,0,0,0,0,0,1,0,1,0,1,0,1,0,0,1,0,1,1,1,1,2
"677",1,1,0,1,1,0,1,1,1,1,1,1,1,1,1,1,1,1,0,0,0,0,1,0,1,0,0,1,0,0,1,0,2,1
"678",1,0,1,0,1,1,1,0,0,1,1,1,1,1,1,1,1,0,0,0,1,1,1,1,1,0,1,1,0,0,0,1,1,2
"679",0,0,0,0,1,1,1,1,0,0,0,1,1,1,1,0,0,0,0,1,1,0,1,0,1,1,0,0,1,1,1,0,1,2
"680",0,1,0,1,0,1,0,1,0,0,0,1,1,1,0,0,1,0,0,1,1,0,0,1,1,1,0,0,1,1,1,1,1,2
"681",0,1,1,1,0,1,1,1,0,1,0,1,1,0,1,0,0,1,1,0,0,1,0,1,1,0,0,1,0,1,1,0,1,2
"682",0,1,0,1,1,0,0,1,0,1,1,0,0,0,1,1,1,1,0,0,1,0,0,1,0,1,0,0,1,0,1,1,1,2
"683",0,0,1,0,1,1,1,1,0,0,0,0,1,1,0,1,0,0,0,0,1,0,0,0,0,1,1,1,1,1,0,0,1,2
"684",1,0,1,0,1,1,1,1,0,1,1,1,1,1,0,1,0,0,1,0,1,0,0,1,0,0,1,1,0,1,0,1,1,2
"685",0,0,1,1,0,1,1,0,1,0,0,0,1,1,0,0,1,1,1,1,1,0,1,0,1,0,1,1,0,1,1,1,1,2
"686",0,1,1,0,0,0,1,1,0,1,0,1,0,1,1,0,1,1,1,1,1,1,1,1,0,0,0,0,1,1,0,1,1,2
"687",0,0,0,1,0,1,0,1,1,1,0,1,0,0,0,1,1,0,0,0,1,0,1,1,1,1,0,1,0,0,1,1,1,2
"688",1,0,1,0,0,1,0,1,0,1,1,1,0,0,0,1,1,0,1,1,1,1,1,0,1,0,1,0,0,1,1,1,1,2
"689",0,1,0,0,0,0,0,0,1,1,1,0,0,1,1,1,1,1,0,1,1,0,1,1,0,1,0,1,0,0,0,0,1,2
"690",0,1,0,1,0,1,0,1,0,1,1,1,0,0,1,1,1,0,1,0,1,1,1,1,1,1,1,0,0,0,1,0,1,2
"691",1,0,0,1,0,0,1,1,0,0,1,1,0,1,0,0,1,0,1,1,0,0,1,1,0,1,1,0,1,1,1,1,1,2
"692",0,0,1,1,1,0,1,0,1,1,0,0,1,0,0,0,1,1,1,1,1,0,0,1,1,0,1,0,1,1,1,0,2,1
"693",0,0,0,0,0,1,0,0,0,1,0,1,0,0,0,1,1,1,0,0,1,0,1,1,0,1,1,1,1,0,0,1,1,2
"694",1,1,0,0,0,1,0,1,0,0,1,0,0,0,1,0,0,1,0,0,0,0,0,1,0,0,1,0,1,1,1,0,2,1
"695",0,0,1,1,0,0,0,0,0,1,1,1,1,1,0,0,0,1,0,0,0,0,0,0,1,0,0,1,0,0,1,0,1,2
"696",1,0,1,0,1,0,1,0,0,1,1,0,0,1,1,0,1,1,0,1,0,0,1,1,0,0,0,0,0,0,1,0,1,2
"697",0,0,1,0,1,1,0,1,0,1,0,1,0,0,1,1,0,0,0,0,1,1,1,1,0,0,0,0,1,1,0,0,1,2
"698",0,0,0,1,0,1,0,0,0,1,0,0,0,0,0,0,0,1,0,1,0,1,1,1,0,1,0,0,1,0,0,0,1,2
"699",0,0,1,1,1,1,0,1,1,1,1,1,0,1,0,0,1,1,1,1,0,1,0,0,1,1,1,1,1,1,1,1,1,2
"700",1,0,1,1,1,0,1,0,0,0,0,0,0,1,1,1,1,1,1,1,1,1,1,1,0,0,1,1,0,0,1,0,1,2
"701",1,1,0,1,1,0,1,0,0,1,1,1,0,0,0,0,1,0,1,0,0,0,1,0,0,0,1,0,1,0,0,1,2,1
"702",0,1,0,1,1,1,0,0,1,1,1,1,1,1,1,0,1,1,0,1,0,1,1,0,1,0,1,1,1,1,1,0,1,2
"703",0,0,0,0,1,0,0,1,0,0,0,1,1,1,1,0,1,1,1,1,0,1,1,1,1,0,0,0,1,0,1,0,1,2
"704",1,0,1,1,0,0,0,0,0,1,0,0,0,1,1,0,1,1,1,0,1,1,1,1,0,0,0,1,0,0,1,1,1,2
"705",1,0,1,1,1,0,0,1,1,1,1,0,1,1,1,1,0,1,1,0,1,1,0,0,1,0,1,1,0,1,0,0,1,2
"706",1,0,1,1,1,1,1,1,0,1,0,0,1,0,0,0,0,1,0,1,0,0,0,0,1,0,1,0,0,0,1,0,1,2
"707",0,0,1,0,1,1,1,0,1,1,0,1,1,1,1,0,1,1,1,0,0,1,1,1,1,1,1,1,1,0,1,0,1,2
"708",1,1,0,0,0,0,0,0,1,1,0,1,1,0,0,0,0,1,0,0,1,1,0,1,1,0,1,0,1,0,0,1,2,1
"709",1,1,0,0,0,1,0,0,0,1,0,0,0,1,1,1,1,1,1,0,0,0,1,1,1,0,0,1,1,1,1,0,2,1
"710",0,0,0,0,1,0,0,0,0,0,0,0,1,0,0,1,1,1,1,1,1,0,0,0,0,0,1,0,0,0,1,0,1,2
"711",0,1,0,1,0,1,1,0,0,0,0,0,0,0,1,1,0,1,0,0,1,1,1,1,0,1,1,1,0,0,0,1,1,2
"712",1,0,0,0,0,1,1,1,1,0,0,0,0,1,0,1,0,1,0,0,0,0,1,1,1,1,0,1,1,1,0,0,1,2
"713",1,0,0,0,1,0,1,0,0,1,0,1,0,1,1,0,0,0,0,0,1,0,1,1,0,0,1,0,0,0,0,1,1,2
"714",0,1,0,1,0,1,0,0,1,0,0,1,1,1,0,0,0,1,0,0,0,0,1,0,0,0,1,1,1,0,1,1,1,2
"715",0,1,0,1,1,1,1,1,1,0,1,0,1,1,0,1,0,1,0,0,1,0,1,1,0,0,0,0,0,1,1,1,1,2
"716",0,0,1,0,0,0,0,1,1,0,0,1,1,0,1,1,0,0,0,1,1,1,1,1,1,0,1,1,1,1,1,0,1,2
"717",1,1,0,0,1,0,0,1,0,1,1,1,0,1,1,0,1,0,1,0,1,0,0,1,0,0,0,1,0,0,1,0,2,1
"718",0,0,0,1,1,1,1,0,1,1,0,1,1,0,0,0,0,0,1,0,1,1,1,0,0,0,1,0,0,1,0,1,1,2
"719",0,1,1,0,1,1,0,1,0,1,0,0,0,1,0,0,0,1,0,1,1,1,0,1,1,1,0,1,1,0,1,1,2,1
"720",0,1,0,0,0,1,1,1,0,1,0,1,1,0,1,1,1,0,0,1,0,0,0,0,1,1,1,0,0,1,0,1,1,2
"721",0,1,0,0,1,0,0,0,0,1,0,0,0,0,1,0,0,1,1,0,1,0,0,1,0,1,1,0,1,0,1,1,1,2
"722",0,1,0,1,1,1,1,1,0,1,0,0,0,0,1,1,0,0,0,1,1,0,1,0,0,0,0,1,1,1,0,0,1,2
"723",0,0,1,1,1,0,0,0,0,1,1,0,1,1,1,0,0,1,1,1,0,0,1,0,0,0,1,0,1,0,0,0,1,2
"724",1,1,1,1,1,1,1,0,0,0,0,1,0,0,1,0,1,0,0,0,0,1,1,0,1,1,1,0,1,0,0,1,2,1
"725",1,0,0,0,1,0,0,0,0,1,0,1,1,0,1,0,0,1,0,0,0,1,1,1,0,0,1,0,1,1,0,1,1,2
"726",0,0,0,1,1,0,1,0,0,0,1,1,0,0,1,0,0,1,1,1,1,0,0,0,0,1,0,1,0,1,1,0,2,1
"727",0,1,0,1,1,0,0,1,1,1,1,0,0,1,0,1,1,0,1,0,1,1,1,0,1,0,0,0,0,1,0,0,1,2
"728",1,1,1,1,0,0,0,0,1,0,1,1,0,0,1,0,1,1,1,1,1,0,1,1,1,1,0,1,1,0,0,1,2,1
"729",0,0,0,1,0,1,0,1,1,0,1,0,0,0,1,0,0,0,0,1,0,1,1,1,1,0,1,0,1,1,0,0,1,2
"730",1,0,1,0,1,1,0,1,1,0,0,0,1,0,0,0,0,1,0,1,1,0,1,0,0,0,1,1,0,1,1,0,1,2
"731",1,1,0,0,1,1,1,0,0,1,1,0,0,1,1,0,0,0,1,1,0,1,0,0,0,0,0,0,0,0,0,1,2,1
"732",1,0,1,0,1,1,0,0,1,1,0,0,0,0,0,1,1,1,1,0,0,1,1,0,0,1,0,1,1,0,1,1,1,2
"733",0,0,0,0,1,1,0,0,1,1,0,0,0,1,0,0,1,0,0,0,0,0,1,1,0,1,0,1,0,1,1,1,2,1
"734",1,0,1,1,0,1,0,1,1,0,0,0,0,1,1,0,1,0,0,0,0,0,1,1,1,0,1,1,0,1,1,1,1,2
"735",0,1,1,0,0,0,1,0,1,1,1,0,1,0,1,1,0,1,0,0,0,1,1,1,1,1,0,1,0,1,1,0,1,2
"736",1,1,0,0,0,0,1,1,0,1,0,1,1,1,0,1,0,0,0,0,1,0,0,1,1,0,0,1,0,1,1,0,2,1
"737",1,0,0,0,0,0,1,1,1,1,1,0,0,0,1,1,0,1,0,1,1,0,0,1,0,0,1,1,0,1,1,1,2,1
"738",0,1,0,1,1,1,0,1,0,0,1,0,1,0,0,1,0,0,0,0,1,1,0,0,1,0,0,0,0,0,1,0,2,1
"739",1,1,1,1,0,1,1,1,0,0,0,1,1,0,1,0,0,0,0,0,1,1,1,1,0,0,0,1,0,1,0,0,2,1
"740",1,1,0,1,0,0,1,1,0,0,1,1,1,0,1,1,1,1,0,0,0,0,1,0,1,0,0,1,1,0,1,1,2,1
"741",0,0,1,1,1,1,1,1,1,0,0,0,0,0,1,1,1,0,1,1,0,0,1,1,1,1,1,1,1,1,1,1,1,2
"742",1,0,0,1,1,1,0,0,1,1,1,1,1,1,1,1,0,0,1,0,1,0,0,1,0,0,0,0,1,0,1,1,1,2
"743",0,0,1,1,1,1,0,1,0,1,1,1,1,1,1,1,0,1,0,1,0,0,0,0,0,1,0,1,1,1,1,1,1,2
"744",0,1,0,1,0,0,0,0,0,0,1,0,1,0,1,1,0,1,1,0,1,1,0,0,0,0,1,1,0,1,1,1,1,2
"745",1,0,1,0,0,0,0,0,0,1,1,1,1,1,0,0,0,0,1,0,0,1,1,0,1,0,0,0,1,1,0,0,1,2
"746",1,0,1,0,1,0,1,0,0,0,1,0,0,1,0,1,1,1,1,1,0,1,1,1,0,0,0,1,1,1,1,1,1,2
"747",1,0,0,0,1,1,1,1,1,0,1,0,1,0,0,0,0,1,0,1,0,0,0,0,1,0,1,1,0,1,1,1,1,2
"748",1,1,1,1,0,1,0,1,1,1,1,1,0,0,1,1,0,1,1,0,0,0,0,1,1,0,0,1,1,0,1,0,2,1
"749",0,0,1,0,1,0,0,1,0,1,1,1,1,1,1,0,1,0,0,0,0,1,0,0,0,0,0,1,0,0,1,0,1,2
"750",0,0,0,1,0,1,0,1,0,0,0,1,0,1,0,0,0,1,0,0,1,0,0,0,1,0,0,1,1,1,1,0,1,2
"751",0,1,1,1,1,0,0,1,1,1,0,1,0,0,1,0,0,1,1,0,1,1,0,1,1,1,0,0,1,1,1,0,1,2
"752",1,1,0,1,0,0,0,1,1,0,0,0,0,0,0,1,1,0,1,1,0,1,0,1,0,0,0,1,0,1,1,1,2,1
"753",1,0,1,0,1,0,0,0,0,1,1,1,0,1,0,1,1,0,0,0,1,0,1,1,1,0,1,1,1,1,1,1,1,2
"754",1,1,0,0,0,0,0,0,1,1,0,0,0,0,0,0,0,1,1,1,0,1,0,0,1,0,0,1,0,0,0,0,2,1
"755",0,1,0,1,1,1,1,1,1,1,1,1,1,1,0,1,0,1,0,1,1,1,1,1,1,1,0,0,0,1,1,1,1,2
"756",1,0,0,1,1,0,0,1,1,1,1,0,0,0,1,1,1,1,0,0,0,1,1,1,0,0,0,0,0,0,1,0,1,2
"757",0,1,0,1,0,0,0,1,1,1,0,1,1,0,0,1,0,0,1,0,0,0,1,0,1,0,1,0,0,1,0,1,2,1
"758",0,0,1,0,0,1,0,0,0,0,0,1,1,1,0,1,0,1,0,0,0,1,0,1,0,1,1,1,0,1,0,1,1,2
"759",1,1,1,0,1,0,1,0,1,0,0,1,1,1,0,0,1,0,1,1,0,0,0,0,0,1,0,0,0,0,0,1,2,1
"760",1,1,0,1,0,1,0,1,0,1,0,0,1,0,0,1,1,0,1,0,0,0,1,0,0,0,0,0,0,1,0,0,2,1
"761",1,1,1,1,1,0,0,1,0,0,1,0,0,1,1,1,0,1,1,0,1,0,1,0,0,1,1,1,0,0,0,0,2,1
"762",1,1,1,0,1,1,0,0,1,1,1,1,1,0,0,0,1,1,0,1,1,0,0,0,1,0,1,0,0,0,1,1,2,1
"763",1,0,1,1,0,0,0,0,0,1,1,1,1,0,0,0,1,0,0,0,0,0,1,1,0,0,0,1,0,0,1,0,1,2
"764",0,1,1,0,1,1,0,0,1,0,0,1,1,1,1,1,1,0,1,1,0,1,1,1,1,0,1,0,0,1,0,1,1,2
"765",1,0,1,1,0,0,1,0,0,0,1,1,1,1,0,0,0,0,0,0,0,1,1,0,1,1,0,1,0,0,0,0,1,2
"766",1,0,0,1,0,0,0,1,0,0,0,1,1,0,1,1,1,0,0,1,0,0,0,1,0,1,1,1,1,0,0,0,1,2
"767",1,0,1,0,1,0,0,1,0,0,0,0,0,1,0,1,1,1,0,0,0,1,1,0,1,1,1,1,0,0,1,0,1,2
"768",0,1,1,1,0,0,0,0,1,0,1,0,0,1,0,1,0,1,0,0,0,0,1,0,1,1,1,1,1,0,1,0,1,2
"769",1,1,1,0,0,1,1,1,0,0,1,0,0,1,0,0,1,0,1,1,0,0,1,0,0,1,1,1,1,0,0,0,2,1
"770",1,1,0,0,0,1,1,1,0,1,1,0,1,1,1,0,1,0,0,1,1,0,1,0,1,0,0,1,0,1,1,1,2,1
"771",0,1,1,0,1,1,0,1,0,1,0,0,0,0,0,1,0,0,1,1,1,0,1,0,0,1,1,0,1,1,1,1,1,2
"772",1,1,0,0,0,1,1,1,0,1,0,0,1,0,0,0,1,1,1,1,0,1,1,0,0,1,0,0,0,1,1,0,2,1
"773",1,0,1,1,1,0,1,0,0,1,0,0,1,0,0,0,1,0,1,1,0,1,0,0,0,0,1,1,0,0,0,0,1,2
"774",0,1,1,1,1,1,1,1,0,0,0,1,1,0,1,0,0,0,0,0,1,1,0,1,1,1,0,0,0,0,1,0,1,2
"775",1,0,0,0,0,1,1,0,0,0,1,1,1,1,0,0,1,0,1,0,1,1,0,0,0,1,1,1,1,0,0,0,1,2
"776",0,0,1,1,0,1,1,1,0,0,0,0,1,0,0,0,1,0,1,1,0,1,0,0,1,0,1,0,0,1,1,1,1,2
"777",0,0,1,1,0,1,0,1,1,0,0,1,0,0,1,0,0,0,1,1,0,1,1,1,1,1,0,1,0,1,1,1,1,2
"778",1,1,0,1,1,0,0,1,0,0,0,0,1,0,0,0,1,0,0,0,0,0,0,1,0,1,0,1,0,1,1,1,2,1
"779",1,1,1,0,0,0,1,1,1,1,0,0,0,0,1,1,0,1,0,0,1,1,0,0,0,0,0,1,0,1,1,0,2,1
"780",0,0,0,1,0,1,0,0,0,0,0,0,0,0,1,0,1,0,0,0,1,1,0,0,0,1,1,0,0,0,1,1,1,2
"781",1,1,1,1,1,0,0,0,0,1,1,1,0,1,0,1,0,0,1,1,1,0,1,1,0,1,1,1,0,1,1,1,2,1
"782",1,0,0,0,1,0,1,0,1,0,0,1,1,0,0,1,0,0,0,1,0,0,0,1,1,1,0,0,1,1,1,0,2,1
"783",0,1,1,1,1,0,1,1,1,0,0,0,1,1,0,1,1,0,1,1,1,1,1,1,1,0,0,1,0,0,1,0,2,1
"784",0,1,0,1,1,0,1,1,0,0,0,0,1,1,0,0,1,0,0,0,0,1,1,1,1,1,1,0,1,1,0,1,1,2
"785",0,0,0,0,0,1,0,0,0,0,1,0,1,0,1,0,1,0,1,1,1,1,0,1,1,0,1,1,0,0,1,0,1,2
"786",0,1,1,1,1,1,1,1,1,1,1,0,0,0,1,1,0,1,1,1,0,0,1,0,0,1,0,1,1,0,1,1,1,2
"787",1,1,0,0,1,0,0,1,1,0,1,0,0,1,1,0,1,1,1,0,0,1,1,1,1,1,0,0,1,0,1,1,2,1
"788",0,1,0,1,1,0,0,1,0,0,0,1,0,1,0,0,0,1,0,0,1,0,0,0,1,1,0,1,0,1,0,1,1,2
"789",1,1,0,0,1,0,1,1,0,0,1,1,1,0,1,0,1,1,0,0,1,1,0,0,1,1,0,1,1,1,1,1,2,1
"790",1,1,0,1,0,0,1,0,0,1,0,1,1,1,0,1,1,0,1,0,1,0,0,1,1,1,1,1,1,0,0,1,2,1
"791",0,1,0,0,0,1,0,1,0,0,0,1,0,1,1,0,0,1,0,1,1,0,1,0,0,0,0,0,1,0,1,1,1,2
"792",0,1,1,0,0,0,0,1,1,1,1,0,0,1,1,1,1,0,1,0,1,1,1,0,1,0,0,0,1,0,1,0,1,2
"793",0,1,1,1,0,0,0,1,1,0,0,1,1,0,0,0,1,0,0,0,0,1,1,0,1,0,0,0,0,1,0,0,1,2
"794",0,0,0,1,0,1,1,1,1,0,1,1,0,1,0,0,1,1,0,1,1,1,1,0,0,0,0,0,1,0,0,1,1,2
"795",1,0,0,0,1,1,0,0,1,0,1,1,0,1,0,1,1,1,0,1,0,0,1,1,1,1,1,1,1,1,1,0,2,1
"796",0,1,1,0,1,0,0,1,1,1,0,1,0,0,0,0,0,0,0,1,0,1,0,0,1,1,0,0,1,1,0,1,1,2
"797",1,0,1,0,1,1,0,0,1,0,0,0,1,0,0,0,1,0,0,1,1,1,1,0,0,1,0,1,1,0,0,0,1,2
"798",1,1,0,1,1,0,0,1,0,1,0,1,0,1,1,1,0,0,1,0,0,0,1,1,1,0,0,1,0,0,0,1,2,1
"799",1,0,1,1,1,1,0,1,0,0,1,0,0,0,0,0,1,0,1,0,1,1,1,0,1,0,1,0,1,0,1,1,1,2
"800",1,0,0,0,1,1,1,0,1,1,0,0,1,1,0,1,0,0,1,1,0,1,0,0,0,1,1,0,1,0,0,0,1,2
"801",1,0,1,1,0,0,0,1,0,1,1,0,0,1,0,0,0,0,0,0,1,0,0,1,0,0,1,0,1,0,1,1,1,2
"802",0,0,1,1,1,0,1,1,0,0,1,1,1,1,0,0,1,1,1,1,0,1,0,1,1,1,1,0,0,0,1,1,1,2
"803",0,0,0,1,0,0,0,0,0,1,0,1,1,0,0,0,1,0,1,0,0,1,1,0,1,0,0,1,0,0,0,1,1,2
"804",1,1,0,0,1,0,1,0,0,1,1,0,0,1,1,0,0,1,0,1,0,0,0,1,1,1,0,1,0,1,0,1,2,1
"805",1,1,1,0,0,0,0,1,1,1,0,1,1,0,0,0,0,1,1,0,1,0,0,0,0,0,1,0,1,0,1,0,2,1
"806",1,0,0,1,0,1,1,0,1,1,0,1,0,0,0,0,1,0,1,0,1,1,0,1,1,0,0,1,0,1,0,1,1,2
"807",0,1,0,0,1,1,0,0,1,1,0,0,0,1,0,1,1,0,0,0,0,1,1,1,1,0,0,1,1,1,0,0,1,2
"808",1,0,0,0,0,1,1,0,1,1,0,0,0,0,1,0,0,0,0,1,1,0,0,0,0,1,1,0,1,0,0,1,1,2
"809",1,1,1,1,1,1,1,1,0,1,1,1,1,0,0,0,0,1,0,0,0,0,0,0,0,1,1,0,1,1,1,1,2,1
"810",0,0,1,0,1,0,1,1,1,0,0,0,1,0,1,0,0,0,0,0,1,1,1,0,0,0,1,0,1,0,0,1,1,2
"811",0,1,0,0,1,0,0,1,0,0,0,0,0,1,1,0,0,1,1,1,0,0,0,0,0,0,0,1,1,0,1,1,2,1
"812",1,1,0,1,1,0,0,0,0,0,0,1,1,0,0,0,1,1,0,0,1,1,1,0,1,1,0,1,1,0,1,0,2,1
"813",0,1,0,1,0,0,0,1,1,0,1,1,0,0,0,0,0,1,1,1,1,1,0,0,1,0,0,1,0,1,0,0,2,1
"814",1,1,0,1,0,0,0,1,0,0,1,1,0,0,0,1,0,0,1,1,0,1,1,1,0,0,0,1,0,0,0,1,2,1
"815",1,1,1,1,0,0,1,1,1,1,0,1,1,1,0,1,0,1,0,0,1,0,0,1,1,0,0,0,1,0,0,0,2,1
"816",1,0,0,1,1,1,1,1,1,0,0,0,1,0,1,0,0,0,0,1,0,1,1,0,1,1,0,0,1,0,1,0,1,2
"817",1,0,1,0,1,1,0,0,0,0,0,0,1,1,0,0,1,0,1,0,0,0,1,0,0,1,1,1,1,0,0,1,1,2
"818",1,1,0,0,1,0,0,0,1,0,0,0,1,1,0,0,1,1,1,0,0,0,0,1,1,1,0,0,0,1,1,1,2,1
"819",0,0,0,1,1,0,1,1,0,0,1,1,1,1,0,1,1,0,0,0,1,1,1,0,1,1,0,0,1,0,0,0,1,2
"820",1,1,0,0,0,0,1,1,0,1,1,0,1,0,1,0,1,0,0,1,0,0,0,0,0,0,1,1,1,1,0,1,2,1
"821",0,0,1,0,0,0,0,0,0,0,1,1,0,0,0,1,1,1,1,1,0,0,0,1,0,0,1,1,1,1,1,1,1,2
"822",0,1,0,0,0,1,1,0,1,1,1,1,1,0,0,1,0,0,1,1,1,0,0,1,0,1,1,0,0,0,0,0,1,2
"823",0,0,1,0,0,1,1,1,0,1,0,0,1,1,0,0,1,0,0,0,0,0,0,0,0,1,0,1,1,1,0,1,1,2
"824",1,0,1,1,1,1,0,0,1,1,0,0,1,0,1,1,0,1,1,0,0,0,0,1,0,0,1,0,0,1,1,0,1,2
"825",1,0,1,1,1,1,0,0,0,1,1,0,0,1,0,1,0,0,0,1,0,1,1,1,0,0,0,0,0,0,0,1,1,2
"826",1,1,1,1,0,1,0,1,0,1,0,1,0,1,1,1,1,1,0,1,1,1,0,0,1,0,1,1,0,1,1,1,2,1
"827",0,0,0,1,1,0,0,0,0,1,1,0,0,0,1,1,1,1,1,0,0,1,1,0,0,1,1,0,0,0,0,1,1,2
"828",0,0,0,1,0,1,1,1,0,1,1,0,0,0,1,1,0,0,1,1,0,0,1,0,1,1,0,1,1,1,1,0,2,1
"829",1,0,1,1,1,1,1,0,0,1,1,0,1,0,0,1,1,1,0,0,0,1,1,1,1,1,0,0,1,0,1,1,1,2
"830",1,1,0,1,0,1,1,0,0,1,1,0,1,0,0,0,0,0,1,0,1,0,1,1,1,0,0,0,0,0,1,0,2,1
"831",1,0,1,0,0,1,1,0,0,1,0,0,0,0,0,1,0,1,0,1,1,0,0,1,1,1,0,1,1,0,1,1,1,2
"832",0,1,0,0,0,0,1,1,1,1,1,0,1,1,1,0,1,0,1,0,1,0,1,1,0,1,1,0,0,0,0,0,2,1
"833",1,0,0,0,0,1,1,1,0,1,0,0,1,1,1,0,1,0,1,1,1,0,0,0,0,1,0,0,1,0,0,1,1,2
"834",1,1,1,1,1,0,0,1,1,1,0,1,1,0,0,0,0,1,0,0,1,0,1,0,0,0,1,1,1,1,0,0,2,1
"835",0,1,1,1,0,0,0,1,1,1,1,1,0,0,1,1,0,1,0,1,1,1,0,0,0,0,1,1,1,0,1,1,1,2
"836",1,1,0,1,0,0,1,0,1,1,0,0,0,1,1,1,1,0,0,1,1,1,1,1,0,0,0,1,1,1,0,1,2,1
"837",1,0,1,0,1,1,1,1,1,0,1,0,1,1,0,0,1,0,0,0,0,1,1,0,1,1,1,0,1,0,1,1,1,2
"838",1,1,0,0,1,0,0,0,1,1,0,1,1,1,0,1,1,0,1,1,1,1,1,0,1,1,1,0,1,1,0,1,2,1
"839",1,1,0,0,1,1,1,0,1,0,0,0,0,0,0,1,0,0,0,1,0,0,1,1,1,1,0,1,0,1,1,0,2,1
"840",0,1,1,0,1,0,1,0,0,1,0,0,0,0,1,1,0,0,1,0,1,0,0,1,0,0,0,0,1,1,0,0,1,2
"841",0,0,0,0,0,0,0,1,1,0,1,1,1,0,0,1,0,1,1,0,0,0,1,1,1,1,1,1,1,0,1,0,1,2
"842",1,1,0,0,1,0,1,0,1,1,1,1,1,1,1,1,1,0,0,0,0,1,1,1,0,1,0,1,0,0,1,1,2,1
"843",0,1,0,0,0,0,1,1,1,1,0,0,1,0,1,0,0,0,1,1,1,1,1,0,0,0,1,0,1,0,0,1,2,1
"844",0,0,1,0,1,1,1,0,0,0,1,0,0,1,0,0,1,0,0,0,1,0,1,0,1,1,1,0,0,0,1,0,1,2
"845",0,0,0,1,1,0,1,1,1,0,0,0,1,0,1,1,0,0,1,1,1,1,1,1,0,0,0,0,0,1,0,0,1,2
"846",1,0,1,0,0,1,1,0,0,0,1,1,1,1,0,1,0,0,0,0,1,1,1,0,0,1,1,0,1,1,1,0,2,1
"847",1,1,1,0,0,0,1,0,0,1,0,1,1,0,0,0,1,0,0,1,1,1,1,1,0,1,1,0,1,0,0,1,2,1
"848",1,0,0,0,1,0,1,0,0,0,1,1,0,1,0,1,1,1,0,0,0,1,1,0,1,0,0,1,1,1,1,1,1,2
"849",0,0,1,0,0,0,0,0,1,0,0,0,1,0,0,0,0,0,1,1,0,1,1,0,0,1,1,1,1,0,0,1,1,2
"850",1,0,0,0,1,1,0,1,1,1,0,1,1,0,1,0,0,1,0,1,0,1,0,0,0,0,1,0,0,1,1,1,1,2
"851",0,1,1,1,0,0,1,1,1,0,1,1,0,1,1,0,1,0,0,1,1,1,0,1,1,0,1,0,0,0,1,0,1,2
"852",0,1,1,1,1,1,0,0,0,1,1,0,1,1,0,0,0,0,0,0,0,0,0,0,0,0,0,1,1,1,0,0,1,2
"853",0,1,0,1,1,0,0,0,0,1,1,1,1,0,1,1,0,0,1,1,1,0,1,0,0,0,0,1,0,0,1,1,2,1
"854",1,1,0,0,0,0,1,1,0,1,0,1,1,1,0,0,1,1,0,0,0,0,0,0,1,1,0,0,1,0,0,0,2,1
"855",1,1,0,1,1,0,0,1,0,1,1,0,1,1,0,0,0,1,1,1,0,1,1,0,1,0,0,1,0,1,1,1,2,1
"856",1,1,1,0,0,0,1,1,0,1,1,0,1,1,0,1,0,0,0,0,0,1,0,0,0,0,1,1,0,0,1,1,2,1
"857",1,0,1,1,0,1,1,1,1,1,1,1,0,0,1,0,1,0,0,1,0,1,1,0,1,1,0,1,1,1,0,1,1,2
"858",0,1,1,1,1,0,0,1,0,0,0,0,1,1,0,1,1,0,1,0,1,1,1,0,0,0,0,1,0,1,1,1,1,2
"859",1,0,1,1,0,0,1,0,0,1,0,1,1,0,0,1,1,0,0,0,1,0,1,0,1,0,1,1,1,1,1,0,1,2
"860",0,1,0,1,1,1,1,0,1,1,1,0,0,1,0,0,1,1,1,1,1,1,1,1,0,1,0,1,0,0,0,0,1,2
"861",1,1,0,1,0,1,0,1,0,0,1,0,0,0,0,1,1,1,0,1,1,0,1,1,1,1,0,1,0,1,1,0,2,1
"862",0,1,1,0,0,1,0,0,1,0,1,0,1,0,1,1,1,1,0,1,1,0,1,1,0,0,0,0,1,0,1,1,2,1
"863",1,1,1,0,1,0,1,1,0,1,0,0,1,0,0,1,0,0,1,1,0,1,0,0,1,0,0,1,0,0,1,1,2,1
"864",1,1,0,0,0,0,1,0,1,1,1,0,1,1,1,1,0,1,0,1,1,0,1,1,0,0,1,0,0,1,1,0,2,1
"865",1,0,0,0,1,0,0,1,0,1,0,0,1,0,1,1,0,0,0,0,1,0,1,1,1,1,1,1,1,0,1,1,1,2
"866",1,0,0,1,0,0,1,0,1,1,0,0,0,0,1,0,1,0,1,0,1,0,1,0,1,1,0,1,1,1,0,0,2,1
"867",0,1,0,0,1,0,0,0,0,0,0,0,1,0,1,1,1,1,1,0,0,1,1,1,1,1,1,0,1,0,1,0,1,2
"868",1,1,0,1,1,1,1,1,0,0,0,1,1,1,1,0,0,1,0,0,1,1,0,1,0,0,0,1,1,0,1,0,2,1
"869",0,0,0,0,1,1,0,1,0,0,0,0,0,1,0,1,1,1,0,0,1,0,0,0,0,0,0,0,1,0,0,1,1,2
"870",1,1,0,0,1,1,1,0,1,0,0,1,0,1,1,0,1,0,0,1,1,0,1,0,0,1,0,0,0,1,0,1,2,1
"871",1,0,0,0,0,0,1,1,0,0,0,0,1,0,1,1,0,1,1,1,1,0,1,0,0,1,1,0,0,0,0,0,1,2
"872",1,1,0,0,0,0,1,0,1,1,1,0,1,1,1,0,1,1,0,1,1,0,0,0,0,0,0,1,1,0,1,0,2,1
"873",1,0,0,1,0,1,1,1,1,0,1,1,1,1,0,1,0,0,1,1,0,1,0,0,0,1,1,1,0,1,0,1,1,2
"874",0,0,1,0,1,0,0,0,0,1,0,1,1,0,0,0,1,1,0,1,1,0,0,1,0,0,1,1,1,1,0,0,1,2
"875",1,1,1,0,1,1,0,1,1,0,1,0,1,1,1,1,1,0,1,1,1,0,1,1,0,1,1,0,1,0,0,0,2,1
"876",0,0,1,1,1,1,1,1,1,0,1,1,0,1,0,0,1,1,0,1,1,1,0,0,0,1,0,0,1,0,1,1,1,2
"877",1,0,0,1,1,0,1,0,1,1,0,0,0,0,1,0,0,0,0,1,1,1,0,0,0,0,1,1,1,1,1,0,1,2
"878",0,1,1,1,0,0,1,1,1,1,0,0,0,1,0,0,0,1,0,1,0,0,0,1,0,1,1,1,1,0,0,1,1,2
"879",1,1,0,1,1,1,0,1,0,0,0,1,1,0,1,1,0,1,1,0,1,1,0,0,0,1,1,1,1,1,0,0,2,1
"880",1,1,1,1,1,1,0,0,0,0,0,0,1,0,0,0,1,0,1,1,1,0,0,0,0,1,0,1,0,0,0,0,2,1
"881",0,1,1,0,0,1,0,1,0,1,1,0,0,0,0,0,0,0,0,1,0,0,1,0,0,1,1,0,1,0,1,0,1,2
"882",1,0,1,0,0,0,0,0,0,0,1,0,0,0,1,0,0,1,1,0,0,1,1,0,1,0,1,0,1,0,0,0,1,2
"883",1,0,0,0,1,1,1,1,0,0,0,0,0,0,0,1,1,0,1,0,1,1,0,0,1,0,0,1,1,0,1,1,1,2
"884",0,0,0,1,1,1,0,1,1,0,1,0,1,0,0,0,1,1,0,0,0,0,1,0,1,0,0,0,1,0,1,1,1,2
"885",1,1,1,0,0,1,1,0,0,1,0,1,1,0,1,0,1,1,0,1,1,1,0,1,0,1,1,1,0,0,1,0,2,1
"886",0,0,0,1,1,1,0,1,0,0,0,1,0,0,1,1,0,0,0,0,1,0,1,1,1,1,1,0,0,0,0,1,1,2
"887",0,1,1,0,0,1,0,1,0,0,1,1,1,1,1,0,1,0,0,1,1,1,0,1,0,0,1,1,0,0,0,1,1,2
"888",0,1,0,1,0,1,0,0,1,0,1,0,0,1,1,0,0,0,0,1,1,0,1,0,0,0,0,1,0,0,0,0,1,2
"889",0,1,1,0,0,0,1,1,1,0,0,0,1,1,1,0,1,1,1,1,0,1,0,1,1,1,1,1,1,1,1,0,1,2
"890",1,1,0,0,0,0,1,1,1,1,0,0,1,0,1,0,1,1,0,0,1,1,1,0,0,0,0,0,1,1,0,0,2,1
"891",1,1,0,0,1,1,1,1,0,1,1,0,0,0,1,1,1,1,0,0,0,1,0,1,1,1,0,1,0,0,0,0,2,1
"892",1,1,0,1,1,0,1,1,1,0,0,0,0,0,1,1,1,0,0,0,0,1,1,0,1,0,0,0,1,1,1,0,2,1
"893",0,0,1,1,0,1,1,1,0,0,1,1,0,0,0,0,1,1,0,0,0,1,0,0,0,0,1,0,1,0,1,0,1,2
"894",0,1,1,1,0,0,0,0,0,0,0,1,0,0,0,1,0,0,0,0,0,0,0,1,1,0,1,1,0,1,0,1,1,2
"895",0,1,0,1,0,0,0,0,1,0,0,0,1,0,0,0,0,1,1,1,1,1,0,1,1,1,1,1,0,1,0,1,1,2
"896",0,0,0,0,1,1,0,0,0,0,0,0,0,1,1,0,1,0,1,1,1,0,1,1,0,0,0,1,1,1,0,1,2,1
"897",0,1,0,1,0,0,1,0,0,1,0,0,0,0,1,1,0,0,1,0,0,0,0,0,0,1,0,1,1,1,1,0,1,2
"898",0,0,0,0,0,0,0,0,1,0,0,1,1,0,1,0,0,1,1,1,0,0,1,1,1,1,0,0,1,1,1,1,1,2
"899",1,1,1,0,0,0,1,1,1,0,0,1,0,0,1,0,0,0,1,0,0,0,0,0,0,1,0,0,0,1,1,1,2,1
"900",1,0,0,0,1,1,1,1,1,1,1,0,1,0,1,1,1,0,1,0,0,0,0,0,1,1,0,0,1,1,1,1,1,2
"901",1,0,1,1,0,0,0,1,1,1,0,1,1,1,1,1,0,1,0,1,0,0,1,1,0,1,1,0,0,1,0,1,1,2
"902",0,1,1,0,0,1,1,0,1,0,1,1,1,1,1,0,0,0,0,0,0,0,0,1,0,1,0,0,0,1,0,0,1,2
"903",0,0,0,0,0,0,1,1,0,1,0,1,0,0,0,0,1,0,0,1,0,1,0,1,0,1,1,0,0,0,0,0,1,2
"904",0,0,0,0,1,1,1,0,1,0,0,1,0,0,0,0,1,0,1,0,1,0,0,0,1,1,1,0,1,1,0,1,1,2
"905",1,1,1,0,1,0,0,0,0,0,0,1,0,1,1,1,1,0,0,1,1,0,1,0,1,0,1,1,0,1,0,1,2,1
"906",1,1,0,1,0,0,1,0,1,1,1,0,1,0,0,0,0,0,1,1,1,0,0,0,0,0,1,1,0,1,0,0,2,1
"907",0,1,1,1,0,1,1,1,1,0,0,0,1,1,0,0,1,0,1,1,1,1,1,1,1,1,1,0,0,0,0,1,1,2
"908",0,1,1,1,0,0,1,0,0,0,0,1,1,0,1,0,1,0,0,1,1,0,1,0,1,1,0,1,0,1,1,1,1,2
"909",0,1,0,0,1,1,1,1,1,0,1,0,1,0,0,0,0,1,0,0,1,1,0,1,1,1,0,0,1,1,1,0,1,2
"910",1,1,1,0,1,0,0,0,1,1,0,1,0,1,1,0,1,1,1,1,1,1,1,0,0,0,0,1,0,1,0,1,2,1
"911",0,0,1,0,1,1,1,0,1,0,1,1,1,1,0,0,1,0,0,0,1,0,0,1,1,0,1,1,1,1,0,1,1,2
"912",0,0,1,0,1,0,1,0,0,0,1,0,1,1,1,0,1,1,0,1,0,1,1,0,1,1,1,1,0,0,1,0,1,2
"913",0,0,1,1,1,1,1,1,1,0,0,0,0,1,0,0,1,0,0,1,0,1,0,0,0,0,1,1,1,1,1,1,1,2
"914",1,0,0,0,0,1,0,1,1,0,1,1,0,1,1,0,1,0,0,0,1,0,1,0,0,1,1,1,0,1,1,1,1,2
"915",1,1,1,0,1,1,0,1,1,1,1,0,1,0,1,1,0,1,0,1,1,1,1,1,0,0,0,0,1,1,0,1,2,1
"916",1,0,1,1,0,0,0,0,1,1,0,1,0,0,1,0,1,1,1,0,0,1,1,0,1,1,0,1,1,1,0,0,2,1
"917",0,1,0,0,1,0,1,0,0,1,1,0,1,0,0,1,1,0,0,1,1,0,0,0,0,1,0,0,0,0,1,0,1,2
"918",0,0,0,0,1,0,0,0,1,0,1,1,1,0,0,1,1,1,0,0,0,0,1,1,0,1,1,1,1,1,0,0,1,2
"919",0,0,0,0,0,1,0,1,1,1,1,0,0,1,0,0,1,0,1,0,0,1,0,0,1,1,1,0,1,0,0,1,1,2
"920",0,0,1,0,1,1,0,1,0,0,1,1,1,0,0,0,1,0,1,1,0,0,0,0,1,1,1,0,0,0,0,1,2,1
"921",1,1,0,0,0,1,1,0,1,0,1,0,1,1,1,1,0,0,0,0,1,0,1,0,0,1,0,1,1,1,1,0,2,1
"922",1,0,1,0,1,0,0,0,0,1,1,1,0,0,0,1,1,1,1,0,1,0,0,0,1,0,0,1,0,0,1,1,1,2
"923",1,0,0,0,0,1,0,0,0,0,1,1,1,0,0,1,0,1,0,1,1,0,1,1,1,1,0,1,1,0,1,1,1,2
"924",0,1,0,0,0,1,0,1,0,0,1,1,1,0,1,1,1,1,1,0,0,0,1,1,0,0,1,1,1,0,0,1,1,2
"925",0,1,0,1,1,1,0,1,0,0,1,1,0,1,1,0,1,0,0,1,1,0,0,0,0,1,0,0,1,1,0,0,1,2
"926",1,1,1,0,0,0,0,1,1,0,1,0,0,1,0,1,1,0,1,1,1,0,1,1,0,1,0,0,1,1,1,1,2,1
"927",1,1,0,1,1,1,1,0,1,0,1,1,1,1,0,1,1,0,0,1,0,1,0,1,0,1,1,1,0,1,0,1,2,1
"928",0,0,1,0,0,1,0,0,0,0,1,0,0,0,0,1,1,1,1,1,0,1,1,0,0,1,1,1,1,0,1,0,1,2
"929",0,0,1,1,0,1,0,1,1,1,1,1,0,1,1,0,0,0,0,0,0,1,0,0,0,1,1,0,1,0,1,1,1,2
"930",0,0,1,0,1,0,0,1,0,1,1,0,0,0,1,0,1,0,0,1,1,0,1,0,0,0,1,0,0,1,1,1,1,2
"931",0,1,1,1,1,1,0,1,0,0,0,1,0,1,0,0,1,0,1,1,1,0,1,0,1,1,0,1,1,1,1,0,1,2
"932",0,1,0,1,1,0,0,0,1,0,1,1,1,1,0,0,1,0,1,1,1,0,0,1,0,1,1,0,0,0,1,0,1,2
"933",0,1,1,0,0,1,0,0,0,1,1,0,1,1,0,0,0,0,1,0,0,0,1,1,0,1,0,0,0,0,0,0,1,2
"934",1,0,1,0,0,1,0,0,0,0,1,0,1,1,1,0,1,1,0,1,0,1,0,0,1,0,1,0,1,0,1,0,1,2
"935",0,0,1,0,0,0,0,0,1,1,0,0,0,1,0,0,0,0,1,1,1,0,1,0,1,1,0,1,1,0,0,1,1,2
"936",0,0,1,1,0,0,1,1,0,0,1,0,0,1,0,1,0,0,1,1,0,0,0,0,0,0,1,1,0,0,1,1,1,2
"937",1,1,0,1,0,0,0,1,1,0,0,0,0,1,0,0,1,0,0,0,0,1,0,0,0,0,0,0,0,1,0,1,2,1
"938",1,1,0,1,0,1,0,0,1,1,0,1,0,0,0,0,1,0,0,0,1,1,0,0,1,1,1,1,1,1,0,0,2,1
"939",1,1,0,1,0,0,0,1,0,0,1,0,0,0,1,1,0,0,1,0,1,0,1,0,0,0,0,0,0,1,0,0,2,1
"940",0,0,1,1,1,0,0,0,0,0,0,1,1,1,1,0,1,1,1,0,0,0,1,1,0,1,1,0,0,0,1,0,2,1
"941",1,0,1,0,1,1,1,0,0,1,1,0,1,0,0,1,1,1,1,1,1,0,1,0,0,0,0,1,0,0,1,0,2,1
"942",1,0,0,1,0,1,0,1,1,0,0,1,1,0,1,1,1,0,0,0,0,0,0,1,0,0,0,1,1,1,0,1,1,2
"943",1,0,1,1,1,1,0,1,1,0,1,0,0,1,0,1,1,1,0,0,0,1,1,0,1,0,1,1,1,1,0,1,1,2
"944",0,0,0,0,0,1,0,0,0,0,0,1,1,0,0,0,1,0,1,0,1,1,1,1,0,1,0,1,0,0,0,1,1,2
"945",1,0,0,1,1,0,0,0,1,1,1,1,1,0,1,1,1,0,0,1,0,0,1,1,0,1,0,0,1,0,0,1,1,2
"946",1,0,0,0,1,1,0,0,1,1,1,1,0,1,0,0,1,1,0,1,0,1,0,1,1,0,1,1,0,0,0,1,1,2
"947",0,1,0,0,1,1,1,1,0,1,0,0,0,0,0,0,1,0,0,0,0,1,1,1,1,0,1,1,1,0,1,0,1,2
"948",0,0,1,0,0,1,1,1,1,1,0,0,0,0,1,1,1,1,1,0,1,0,1,0,1,0,1,0,0,1,1,1,1,2
"949",0,0,0,1,0,0,1,1,1,0,1,0,0,0,0,1,1,1,1,0,1,1,1,0,0,1,0,1,0,1,1,0,1,2
"950",1,0,1,0,0,1,1,0,0,1,1,1,0,1,1,0,0,1,1,1,1,1,0,1,1,1,1,0,1,0,1,0,1,2
"951",0,1,0,1,1,0,0,1,0,1,0,1,1,0,1,0,1,1,0,0,1,0,1,0,0,0,0,1,0,0,0,1,1,2
"952",1,0,1,0,1,0,1,1,0,0,1,1,1,0,1,0,1,1,1,1,1,1,0,0,1,0,0,1,0,0,0,0,1,2
"953",0,1,0,1,1,1,0,0,1,1,1,1,1,1,0,1,0,1,0,0,0,0,1,1,0,0,0,0,0,0,1,1,1,2
"954",0,0,1,1,0,0,0,0,1,0,0,0,1,1,1,0,0,0,0,1,1,0,0,0,0,1,0,0,1,1,1,0,1,2
"955",1,0,1,0,0,0,0,0,1,1,1,0,0,0,0,1,1,0,0,0,1,0,1,1,1,0,0,1,0,0,0,1,1,2
"956",1,0,1,1,1,0,0,0,1,1,0,1,1,0,0,1,0,1,1,0,1,1,1,0,1,0,1,1,0,0,0,1,1,2
"957",0,1,1,1,0,1,0,0,0,1,0,0,1,1,0,0,1,0,0,1,0,0,1,1,1,1,1,1,0,0,0,1,2,1
"958",0,1,0,0,0,0,1,1,0,0,0,1,0,0,0,0,1,1,1,1,1,1,0,0,1,1,0,1,0,1,0,0,1,2
"959",0,0,1,0,1,1,0,1,1,1,1,1,1,1,0,0,0,0,0,0,0,0,1,1,1,0,1,0,0,1,1,0,1,2
"960",0,0,1,0,1,0,0,1,0,0,1,0,0,0,1,1,0,1,0,0,0,0,0,0,1,1,1,0,0,0,1,1,1,2
"961",1,1,0,1,1,1,1,0,0,0,0,0,0,0,0,0,0,1,0,0,0,1,1,0,1,1,0,0,0,1,0,1,2,1
"962",1,1,0,0,1,1,0,1,1,1,0,1,0,1,1,1,0,1,1,0,1,1,0,1,1,0,1,1,1,0,1,1,2,1
"963",0,1,1,0,0,1,0,1,1,1,1,0,0,0,0,0,1,0,0,0,0,0,0,0,0,0,1,1,0,0,0,0,1,2
"964",0,1,0,1,0,0,1,0,0,0,0,1,1,1,1,0,1,1,1,1,1,0,0,0,1,0,1,0,0,0,0,0,1,2
"965",1,1,1,1,1,1,0,1,1,0,1,1,0,1,1,1,0,0,1,1,0,1,0,1,0,1,1,0,1,1,1,0,2,1
"966",1,0,0,0,0,0,0,0,1,0,0,0,0,0,1,0,1,1,0,0,0,0,0,1,0,0,0,1,0,0,1,1,1,2
"967",0,1,0,1,1,0,0,0,0,0,1,1,0,0,1,0,0,1,1,1,0,1,1,0,1,0,0,1,1,0,1,0,1,2
"968",0,1,1,1,1,1,0,0,0,1,1,1,1,1,1,1,1,0,1,1,0,1,0,1,1,1,1,0,0,0,1,1,2,1
"969",0,1,0,1,0,0,0,1,1,0,1,0,0,0,1,0,1,0,0,1,1,0,1,0,1,0,0,1,0,0,1,0,1,2
"970",1,0,1,1,1,0,0,0,1,1,1,1,1,0,1,0,1,0,0,0,1,0,1,1,0,0,0,0,1,0,0,1,1,2
"971",0,0,1,1,1,0,0,1,1,1,1,0,0,0,0,0,1,1,1,0,0,0,0,1,1,1,1,1,1,1,1,1,1,2
"972",1,0,1,0,1,1,1,1,0,1,1,1,1,0,1,0,1,0,0,1,0,0,1,1,0,1,0,0,1,1,1,0,1,2
"973",1,1,1,0,1,0,1,1,0,1,1,0,1,0,0,1,1,1,1,0,1,1,1,1,1,0,1,1,0,1,1,1,2,1
"974",0,0,0,1,0,1,0,1,1,1,0,1,0,0,1,1,0,0,0,0,0,0,0,0,0,1,0,1,0,0,1,1,1,2
"975",0,0,0,1,0,0,1,0,0,0,0,0,0,0,0,0,0,1,0,1,0,0,0,0,0,1,0,0,0,1,0,0,1,2
"976",1,0,0,0,1,1,1,1,0,1,1,1,1,0,0,1,1,1,0,1,0,1,1,0,0,0,1,1,1,1,1,1,1,2
"977",1,1,1,1,1,0,1,1,1,1,1,1,0,1,0,1,0,1,0,1,0,1,0,0,0,1,1,1,0,1,0,0,2,1
"978",0,0,1,1,0,0,0,0,1,0,1,0,0,0,0,1,1,0,1,0,0,0,1,1,1,1,1,0,0,0,1,1,1,2
"979",1,0,0,0,1,1,1,0,0,1,0,0,1,0,0,1,0,0,0,1,1,0,1,0,1,1,1,1,1,0,0,0,1,2
"980",1,1,0,1,0,1,1,1,1,1,0,0,0,0,0,1,0,1,1,0,1,1,0,1,0,0,1,0,1,1,0,0,2,1
"981",0,0,0,0,1,1,1,0,0,1,0,1,0,1,0,1,0,0,0,0,0,1,1,0,0,0,0,1,1,1,0,1,1,2
"982",1,0,1,0,0,0,0,1,0,1,1,0,0,1,0,1,0,0,1,1,1,1,1,0,1,0,1,1,1,0,1,0,1,2
"983",0,0,1,0,0,0,1,1,1,1,1,0,1,0,0,1,1,1,1,0,1,1,1,1,0,1,1,1,1,1,0,1,1,2
"984",0,1,1,1,0,1,1,1,1,1,1,1,0,1,1,0,0,0,1,1,1,0,1,0,1,1,0,1,0,0,0,0,1,2
"985",0,0,1,1,1,1,0,1,0,0,1,0,1,0,0,0,0,1,1,1,1,1,1,1,0,0,1,1,1,0,0,1,1,2
"986",0,0,0,1,0,1,0,0,0,1,0,1,1,1,1,1,1,0,1,0,0,0,0,0,0,0,0,0,1,0,0,1,1,2
"987",0,0,0,0,0,0,0,0,1,0,0,0,1,0,0,1,0,1,0,1,1,0,1,1,0,1,1,0,1,1,0,1,1,2
"988",0,0,0,0,1,0,1,1,0,0,0,1,1,1,1,0,1,1,0,1,0,1,1,0,1,0,0,1,0,1,0,1,1,2
"989",1,1,1,0,0,1,0,1,1,0,0,0,1,1,0,0,0,1,1,0,1,0,1,0,1,0,0,1,0,1,0,1,2,1
"990",0,1,0,0,1,0,1,0,1,1,1,1,0,0,0,1,0,1,0,1,0,0,1,1,1,1,0,0,0,1,0,0,1,2
"991",1,0,1,1,0,0,0,1,0,1,1,1,0,0,0,0,0,0,1,0,1,1,1,1,1,1,1,1,1,0,0,0,1,2
"992",0,1,1,0,0,0,1,0,1,0,1,0,0,1,0,0,0,1,0,1,0,0,1,1,1,0,0,1,0,0,1,1,1,2
"993",1,1,1,1,1,1,1,0,1,1,0,1,0,1,1,1,1,1,1,1,1,0,0,1,1,0,0,1,1,0,1,0,2,1
"994",0,1,0,1,1,0,0,0,0,0,1,0,1,0,0,0,0,0,0,0,1,1,1,1,0,0,0,0,1,0,1,0,1,2
"995",0,0,0,1,0,1,0,1,1,1,1,1,0,0,1,0,0,0,1,1,1,1,1,0,0,0,1,1,0,1,0,0,1,2
"996",1,0,0,0,1,0,0,0,1,1,1,1,0,0,0,1,1,1,1,0,1,0,0,0,1,1,0,1,0,1,1,0,1,2
"997",0,0,0,0,1,1,0,0,1,0,1,0,0,1,0,1,1,1,0,1,1,0,0,0,0,1,0,0,1,0,0,1,1,2
"998",0,0,1,0,1,0,0,0,0,0,0,0,0,1,0,0,0,0,0,0,0,0,0,0,0,0,0,0,0,1,1,0,2,1
"999",1,0,1,0,1,1,0,0,0,0,0,0,1,0,0,0,1,1,1,1,0,1,1,0,1,1,0,0,1,0,1,1,1,2
"1000",1,1,0,1,0,1,0,0,1,1,1,0,1,1,1,0,0,0,0,1,0,1,0,0,1,0,0,1,1,0,1,1,2,1
