"","descriptor1","descriptor2","descriptor3","descriptor4","descriptor5","descriptor6","descriptor7","descriptor8","descriptor9","descriptor10","descriptor11","descriptor12","descriptor13","descriptor14","descriptor15","descriptor16","descriptor17","descriptor18","descriptor19","descriptor20","descriptor21","descriptor22","descriptor23","descriptor24","descriptor25","descriptor26","descriptor27","descriptor28","descriptor29","descriptor30","descriptor31","descriptor32","party1","party2","party3","party4","party5","party6","party7","party8"
"1",1,0,1,1,0,0,0,0,0,1,1,0,1,1,1,1,1,1,1,0,1,1,0,0,0,0,1,1,0,1,0,0,1,2,3,4,5,8,6,7
"2",1,0,0,1,1,1,0,1,0,1,1,1,0,0,1,1,1,1,1,1,1,0,1,0,1,0,0,0,1,0,1,0,1,2,3,4,5,7,6,8
"3",0,1,1,0,1,1,1,0,1,0,0,0,0,1,1,0,1,0,1,0,0,0,1,0,1,1,0,1,0,0,0,0,1,2,3,5,4,6,7,8
"4",1,0,0,0,1,0,1,0,1,1,0,1,1,0,0,1,1,0,0,0,0,1,1,1,0,0,0,1,1,1,1,1,1,2,3,4,7,5,8,6
"5",1,1,1,1,0,1,0,0,1,0,0,1,0,1,0,1,1,1,0,0,0,0,1,1,1,1,1,0,0,1,0,1,8,1,2,3,4,5,6,7
"6",1,1,1,1,0,0,1,1,1,1,1,0,1,1,1,0,1,0,0,1,1,1,1,1,1,0,1,0,1,0,1,0,8,1,2,3,4,5,6,7
"7",1,1,0,1,1,0,1,1,0,0,1,0,1,0,0,0,1,0,0,1,1,1,0,0,1,1,0,1,1,1,0,0,8,1,2,3,4,5,6,7
"8",1,0,0,1,1,1,0,0,1,1,1,0,1,1,0,0,1,1,0,0,1,1,0,0,0,1,0,1,1,1,1,1,1,2,4,3,7,5,6,8
"9",0,1,1,1,1,0,0,0,1,0,1,0,1,1,1,1,1,1,0,0,1,1,0,0,1,0,0,0,0,1,0,1,1,2,3,4,5,6,8,7
"10",0,0,1,0,0,0,1,1,0,1,0,0,1,1,0,1,0,1,1,1,0,1,1,0,0,1,0,1,1,0,0,0,1,2,3,4,5,6,8,7
"11",1,1,0,1,1,1,0,0,1,0,0,0,1,1,0,1,0,1,0,1,1,0,0,0,0,1,1,0,1,0,1,1,8,1,2,3,4,5,6,7
"12",0,1,1,1,1,1,0,1,0,1,0,0,1,1,0,0,0,1,1,0,1,0,1,0,1,0,1,1,0,1,1,1,1,2,3,4,5,6,7,8
"13",1,0,1,1,1,1,1,0,1,0,0,0,1,0,1,0,1,0,0,0,0,1,0,0,1,1,1,1,0,0,1,1,1,2,3,5,7,4,6,8
"14",0,1,1,0,0,0,1,1,0,0,0,0,1,0,0,0,1,0,0,1,1,1,1,0,0,0,1,1,0,1,1,0,1,2,3,4,7,5,8,6
"15",0,1,1,1,1,0,0,1,1,1,0,0,1,1,0,1,1,0,0,0,0,0,1,0,1,1,0,0,0,1,1,1,1,3,2,4,5,6,8,7
"16",0,1,0,1,0,1,0,1,0,1,1,1,0,0,0,0,0,1,1,0,0,1,1,1,1,1,0,0,1,1,1,1,1,2,4,3,5,6,7,8
"17",1,0,1,0,1,1,1,1,1,1,1,1,1,0,1,1,1,0,1,0,0,0,0,1,0,0,0,0,0,1,0,1,1,3,2,6,4,5,7,8
"18",0,1,1,1,0,0,0,1,0,1,0,1,0,0,1,1,1,0,0,0,1,1,1,1,1,1,0,0,1,1,0,0,1,2,3,4,5,7,6,8
"19",1,0,1,1,1,1,0,1,1,1,0,0,0,0,1,0,1,1,0,0,0,1,1,1,1,1,0,0,1,1,1,1,1,2,3,5,6,4,7,8
"20",1,1,1,0,1,1,0,0,0,0,1,0,0,0,1,1,0,0,1,0,0,0,1,1,0,0,1,1,0,1,1,0,8,1,2,3,4,5,6,7
"21",1,0,0,1,1,1,1,1,0,1,0,0,1,0,0,1,1,1,1,0,1,0,1,0,0,1,1,0,1,0,0,0,1,2,3,4,7,5,6,8
"22",1,0,0,1,0,0,1,0,0,0,1,1,1,0,0,1,0,1,0,1,0,1,1,1,1,0,1,0,0,1,0,1,1,2,3,4,5,6,7,8
"23",0,1,0,0,0,0,0,0,1,0,1,0,0,1,1,1,0,1,1,1,1,0,1,0,0,0,1,1,0,0,0,1,1,2,3,5,4,6,7,8
"24",0,0,1,1,0,1,0,0,0,0,1,1,1,1,1,1,0,0,0,1,1,1,1,0,0,1,1,1,1,0,1,0,1,2,4,3,7,5,6,8
"25",1,1,1,0,0,1,1,0,0,0,1,0,0,1,0,0,1,0,1,1,1,0,1,1,1,0,1,0,1,0,0,0,8,1,2,3,4,5,6,7
"26",1,0,0,0,1,1,1,0,1,1,0,0,1,0,1,0,0,0,1,0,0,0,1,1,0,1,1,0,1,1,1,0,1,2,3,4,6,5,7,8
"27",0,1,1,0,0,1,1,1,1,1,0,1,0,1,0,1,1,1,0,1,0,1,1,1,0,0,1,1,0,0,0,1,1,3,2,4,5,7,8,6
"28",0,0,0,0,0,1,1,1,0,1,1,1,1,0,0,0,1,0,1,0,1,1,1,1,0,1,0,1,0,0,0,1,1,2,3,4,5,6,7,8
"29",0,0,1,0,0,0,1,0,0,0,1,1,0,0,0,0,0,1,0,1,1,0,1,1,0,0,0,0,0,0,1,0,1,2,3,4,5,6,7,8
"30",0,1,0,0,0,1,0,0,0,0,1,0,0,1,0,0,1,0,1,0,0,1,0,1,0,1,1,1,1,1,1,1,1,2,4,3,5,6,8,7
"31",0,1,1,1,1,1,0,1,1,1,0,1,0,0,1,0,1,0,0,0,1,1,0,0,0,1,1,0,1,0,0,1,1,2,3,4,6,5,7,8
"32",0,1,1,0,0,1,0,0,1,1,1,0,1,1,1,0,0,1,0,0,1,0,1,0,1,1,1,0,0,0,1,0,2,1,3,4,5,7,8,6
"33",0,0,1,0,0,0,0,0,1,1,1,1,0,0,0,1,0,0,1,1,0,1,1,1,0,1,1,0,1,0,1,0,1,2,3,4,5,7,6,8
"34",1,1,1,1,0,0,0,1,0,1,1,0,1,0,1,0,0,1,1,0,0,1,1,1,0,0,0,1,0,1,0,1,8,1,2,3,4,5,6,7
"35",0,1,0,0,0,1,1,1,1,1,0,0,1,1,1,0,1,1,1,0,0,0,0,0,0,0,0,0,0,0,0,1,1,2,4,3,6,5,8,7
"36",1,1,1,1,1,1,0,0,1,0,0,0,1,0,0,1,1,0,0,0,0,1,0,1,0,1,1,0,0,1,1,0,8,1,2,3,4,5,6,7
"37",0,0,0,1,1,0,0,0,1,0,1,0,0,0,0,0,0,0,0,1,0,1,1,0,1,0,0,1,0,1,0,0,1,2,3,5,4,6,7,8
"38",0,0,0,1,0,1,0,0,0,1,1,0,0,1,1,1,1,0,0,0,1,1,0,0,1,1,0,0,1,1,0,0,1,2,3,4,6,5,8,7
"39",1,1,1,1,1,0,1,1,1,0,0,0,1,0,1,0,0,0,0,0,0,0,1,1,1,0,1,0,1,1,1,1,8,1,2,3,4,5,6,7
"40",1,0,1,1,1,0,0,1,0,0,1,0,1,1,0,0,0,1,1,0,0,1,1,1,1,0,0,1,0,1,0,0,1,2,3,4,5,6,7,8
"41",1,0,0,0,1,1,0,1,1,1,0,1,1,0,0,1,1,1,0,0,1,1,1,0,0,0,0,1,0,1,1,1,1,2,3,4,5,7,8,6
"42",0,0,0,1,0,1,1,1,1,1,0,0,1,0,0,1,0,0,1,0,1,0,1,1,0,0,0,0,1,0,1,1,1,2,3,4,8,7,5,6
"43",0,1,1,1,1,1,1,1,1,1,0,0,1,0,1,0,1,0,1,1,0,1,0,0,0,1,0,0,0,1,1,1,1,2,3,4,5,8,6,7
"44",0,0,0,0,0,1,1,1,1,1,1,1,0,1,0,0,0,0,1,1,0,1,1,0,1,0,0,0,1,1,0,1,2,1,3,4,5,7,6,8
"45",1,0,1,1,0,0,0,0,1,1,1,1,1,1,0,0,0,0,0,1,0,0,0,0,1,0,1,1,0,1,0,0,1,2,3,4,5,6,7,8
"46",1,1,0,1,0,1,1,1,1,1,0,1,1,1,1,1,1,1,1,1,1,0,0,1,1,0,0,0,1,0,1,1,8,1,2,3,4,5,6,7
"47",1,1,0,0,0,1,1,0,1,1,1,0,1,1,0,1,0,0,1,1,0,1,0,1,0,1,1,1,1,0,1,1,8,1,2,3,4,5,6,7
"48",0,0,1,0,1,0,1,0,1,1,1,0,1,1,1,1,0,0,1,1,0,0,1,0,1,0,0,0,1,1,0,1,1,2,3,4,5,6,7,8
"49",0,0,0,0,0,0,1,1,0,1,0,1,1,0,0,0,0,0,0,0,0,0,1,1,0,1,1,0,1,1,0,1,1,2,3,6,4,8,5,7
"50",0,1,1,0,1,0,0,0,1,0,0,0,1,0,0,0,0,1,1,0,0,0,1,1,1,1,1,1,0,1,0,0,1,2,3,4,5,6,8,7
"51",1,0,1,1,0,0,0,0,1,1,0,1,0,0,0,0,1,0,0,1,1,0,1,1,1,1,1,1,0,1,1,0,1,2,3,5,4,7,6,8
"52",1,1,1,0,1,0,1,1,1,1,0,1,1,1,0,0,0,1,1,1,0,0,0,1,1,1,1,1,0,1,0,1,8,1,2,3,4,5,6,7
"53",1,0,1,0,0,0,0,1,0,0,0,0,0,0,0,1,1,1,0,0,0,0,0,0,0,1,0,1,1,1,0,1,1,2,4,3,5,8,6,7
"54",1,0,1,0,0,0,1,1,0,0,1,1,1,1,1,1,1,0,1,1,1,0,1,0,1,1,0,1,1,0,0,0,1,2,7,5,3,6,4,8
"55",0,1,0,1,0,0,1,0,0,1,0,0,0,1,0,1,0,1,1,1,0,1,0,0,0,0,0,0,0,1,0,0,2,1,4,3,5,8,6,7
"56",0,1,1,1,0,1,0,0,0,0,0,0,0,0,1,0,0,0,1,0,1,0,0,1,1,0,1,1,0,1,1,1,1,2,3,4,5,8,6,7
"57",0,1,0,1,0,1,1,1,0,1,1,0,1,1,1,1,1,1,0,1,0,1,1,1,1,0,1,1,0,1,0,1,1,2,3,6,4,5,7,8
"58",0,0,1,0,1,1,0,1,0,1,0,0,1,1,0,1,1,0,1,0,0,0,0,1,0,1,1,0,0,1,1,0,1,3,2,4,5,6,8,7
"59",1,0,0,0,1,0,0,0,1,0,1,1,1,1,1,0,1,1,0,1,0,0,0,1,1,0,1,0,1,1,1,0,1,2,4,3,5,7,6,8
"60",1,1,0,1,1,0,1,0,1,0,1,0,1,1,1,1,1,1,1,0,1,0,0,0,1,1,1,1,0,1,1,1,8,1,2,3,4,5,6,7
"61",1,1,0,0,1,1,1,0,0,0,0,0,1,0,1,1,0,0,0,0,1,0,0,0,1,0,0,0,1,0,0,0,8,1,2,3,4,5,6,7
"62",0,1,1,0,1,1,0,0,1,1,0,1,1,1,1,1,0,1,0,0,0,1,1,1,1,1,1,0,0,1,0,0,2,1,4,3,6,5,8,7
"63",1,1,0,0,1,0,1,1,0,0,1,0,1,1,1,1,0,1,0,1,1,1,1,1,1,1,0,0,1,1,0,0,8,1,2,3,4,5,6,7
"64",1,0,1,0,0,1,1,1,1,0,1,1,1,0,0,0,0,0,0,0,1,0,0,1,0,1,1,1,1,0,1,0,1,2,3,5,4,7,6,8
"65",1,1,1,0,1,0,0,1,1,0,0,1,1,1,0,1,0,0,1,1,0,1,1,1,0,0,1,0,0,0,0,1,8,1,2,3,4,5,6,7
"66",1,0,0,1,1,1,1,1,0,1,0,1,1,0,0,0,0,1,1,0,0,0,1,1,0,1,1,0,1,1,0,0,2,1,3,5,4,6,8,7
"67",1,1,1,1,1,1,0,0,0,0,0,1,1,0,1,1,0,1,0,0,1,0,0,0,1,0,0,0,0,0,0,0,8,1,2,3,4,5,6,7
"68",1,1,1,0,0,1,0,1,1,1,1,1,0,0,0,1,0,1,0,0,1,1,0,0,0,0,0,1,1,0,1,0,8,1,2,3,4,5,6,7
"69",0,1,1,0,1,0,1,1,0,0,0,1,0,1,1,0,1,0,1,0,0,0,1,1,1,0,1,0,1,1,0,1,1,2,3,4,5,6,7,8
"70",0,1,1,1,1,1,0,0,0,1,0,0,0,1,1,1,1,1,1,1,0,1,1,0,0,0,0,1,1,0,1,1,1,2,3,4,5,7,6,8
"71",1,0,0,1,0,0,1,1,1,0,0,0,1,0,0,0,1,0,0,1,0,0,1,0,1,0,1,1,0,1,1,1,1,3,2,4,5,8,7,6
"72",0,1,0,0,0,1,1,1,1,0,0,1,1,1,0,0,0,0,0,1,0,1,0,1,1,0,0,1,0,0,1,0,1,2,3,4,5,7,8,6
"73",0,1,0,1,1,1,0,1,1,0,1,1,0,0,0,1,0,1,1,0,0,1,1,1,0,1,0,1,0,0,1,0,1,2,3,5,4,6,7,8
"74",1,0,1,0,1,0,1,1,0,0,1,0,0,1,0,0,0,1,0,0,1,1,0,1,1,1,1,1,1,1,1,1,1,2,4,3,5,6,8,7
"75",1,0,0,1,1,1,0,1,0,0,1,1,1,1,1,1,0,0,1,1,1,1,1,0,0,0,0,0,1,1,1,1,1,2,3,4,5,6,7,8
"76",1,1,1,1,0,0,1,0,0,1,1,1,0,1,0,1,0,1,1,1,1,0,1,1,0,0,0,1,1,0,1,0,8,1,2,3,4,5,6,7
"77",0,1,1,0,0,0,1,0,0,1,0,1,0,0,0,0,1,1,0,0,0,1,1,0,1,1,0,1,1,0,0,0,2,1,3,4,5,6,7,8
"78",0,1,1,0,1,1,0,0,0,1,1,1,1,1,0,0,0,0,0,0,1,0,1,1,0,0,0,0,0,0,0,1,1,4,3,2,5,8,6,7
"79",1,0,0,0,1,1,1,0,1,1,0,0,0,1,0,1,0,0,0,0,1,1,1,1,1,1,0,0,0,0,0,1,2,1,3,4,5,7,6,8
"80",1,0,0,1,0,0,1,1,0,1,1,0,1,0,1,1,1,0,1,1,0,1,1,0,0,0,0,0,1,1,1,0,1,2,3,4,5,8,6,7
"81",0,1,1,0,0,1,1,0,0,1,0,0,1,1,0,0,0,1,0,1,0,1,1,0,0,0,0,0,1,0,1,1,1,2,3,5,4,6,8,7
"82",1,1,0,0,1,1,0,1,1,1,0,1,0,1,0,1,0,1,1,0,0,1,1,0,0,1,1,1,1,1,1,1,8,1,2,3,4,5,6,7
"83",1,1,1,1,1,1,0,0,1,1,0,0,0,0,0,0,0,0,0,1,1,0,0,1,1,0,1,0,0,0,1,1,8,1,2,3,4,5,6,7
"84",1,0,1,1,0,0,0,1,0,0,0,1,0,1,0,1,0,1,0,0,0,0,1,0,0,1,1,1,1,1,1,0,1,2,3,4,5,7,6,8
"85",1,0,0,1,0,1,0,0,1,0,1,0,1,0,0,1,1,0,0,1,0,1,0,0,0,1,0,0,1,0,1,0,1,2,3,5,4,7,6,8
"86",1,0,1,1,0,0,1,1,0,0,0,1,1,0,0,1,0,1,1,1,1,0,0,0,1,1,1,0,1,0,0,1,1,2,4,3,6,5,7,8
"87",0,1,0,1,1,1,0,1,1,0,0,1,1,0,1,1,1,1,0,1,0,0,0,1,1,1,0,1,0,0,0,0,1,2,4,5,3,7,8,6
"88",1,1,0,0,1,0,1,0,0,0,1,1,0,0,1,1,1,1,1,1,1,1,0,0,1,1,1,0,1,1,0,1,8,1,2,3,4,5,6,7
"89",0,1,0,1,0,0,0,1,0,1,0,0,1,1,1,1,1,0,0,1,0,1,1,1,0,1,1,1,0,0,0,0,1,2,3,4,5,7,6,8
"90",1,0,1,1,0,1,0,1,0,1,0,0,0,0,1,1,0,1,0,0,0,0,1,0,1,0,1,1,1,1,0,1,1,2,3,6,5,4,8,7
"91",0,1,1,1,0,0,0,1,1,0,0,0,1,0,1,1,0,1,1,1,0,1,1,1,1,1,1,0,1,0,1,0,2,1,4,3,5,7,6,8
"92",0,1,1,0,0,0,1,0,0,0,0,1,1,0,1,0,1,1,0,0,1,1,1,1,0,1,1,1,0,0,0,1,1,3,2,4,6,5,8,7
"93",0,0,0,0,1,1,0,0,1,1,0,1,0,1,1,0,0,1,0,1,0,1,1,0,1,1,1,1,1,1,1,0,1,2,3,4,6,5,8,7
"94",1,0,1,1,1,1,1,0,1,0,0,0,0,1,0,0,1,0,1,0,1,0,0,1,0,0,1,0,1,0,1,0,1,2,3,4,6,5,8,7
"95",1,0,1,0,1,1,1,1,1,1,1,1,1,0,0,0,0,1,0,1,0,0,0,0,0,1,1,1,0,0,1,0,1,2,4,3,5,6,7,8
"96",1,1,0,0,0,1,0,1,0,0,0,0,1,0,1,0,0,1,1,0,1,1,0,0,1,0,0,0,0,1,1,1,8,1,2,3,4,5,6,7
"97",0,0,1,0,0,1,1,1,1,0,0,0,0,1,1,0,0,0,1,1,1,0,1,0,1,1,1,1,1,1,1,1,1,2,3,5,4,7,6,8
"98",0,0,1,0,1,1,1,0,1,1,0,1,1,0,1,0,0,1,0,1,0,1,1,0,1,1,1,0,0,1,1,1,1,2,3,4,5,6,8,7
"99",0,0,1,0,1,1,1,0,0,0,1,1,0,0,1,0,1,1,0,1,0,1,0,0,1,0,1,0,1,1,1,0,1,3,5,2,4,7,6,8
"100",1,0,0,0,1,1,1,1,1,0,0,0,1,0,0,0,0,0,0,0,1,0,0,1,0,1,1,1,1,1,0,1,1,2,4,3,5,6,8,7
"101",0,0,0,0,0,1,1,1,1,1,0,0,1,0,1,0,1,0,1,1,0,0,1,0,0,1,1,0,1,0,0,0,1,2,3,4,6,5,7,8
"102",0,1,1,1,1,1,1,0,1,0,1,1,1,0,1,0,0,0,1,1,0,1,1,1,0,1,0,1,1,0,1,0,1,2,3,4,5,6,7,8
"103",1,1,0,1,1,1,0,1,1,1,1,1,0,0,1,1,0,1,1,1,1,0,0,1,0,0,1,1,1,0,0,0,8,1,2,3,4,5,6,7
"104",1,1,0,0,1,1,1,1,1,1,1,0,0,1,1,0,0,0,1,0,1,0,0,1,1,0,1,0,0,0,1,1,8,1,2,3,4,5,6,7
"105",0,1,1,1,1,0,1,0,1,1,1,1,0,0,0,0,0,0,1,0,1,1,0,1,0,1,1,1,1,1,1,1,1,2,4,3,6,7,5,8
"106",0,0,1,1,1,0,0,1,1,0,1,0,0,1,0,1,1,1,1,1,1,0,1,0,1,0,0,0,0,1,0,0,1,2,3,4,5,7,8,6
"107",0,1,1,1,1,0,0,1,0,1,0,0,1,1,1,0,1,0,0,1,0,0,1,1,0,0,1,1,1,0,1,1,1,2,4,3,6,5,7,8
"108",0,0,0,0,1,1,1,1,1,0,0,0,0,0,1,1,0,0,1,1,1,1,0,0,1,0,1,0,1,1,0,0,1,2,3,4,6,5,8,7
"109",1,0,0,0,0,0,1,0,1,1,0,1,1,1,0,1,0,0,0,0,0,0,1,1,1,1,1,1,0,0,0,1,1,2,3,5,4,6,7,8
"110",1,0,1,0,0,0,0,0,0,1,0,1,1,0,1,1,0,0,1,0,1,1,1,1,0,0,1,0,1,1,1,1,1,2,3,4,6,5,8,7
"111",1,1,1,0,0,1,1,1,1,0,1,0,0,1,1,0,1,0,0,0,1,1,0,0,0,0,0,1,1,0,0,1,8,1,2,3,4,5,6,7
"112",0,0,0,0,0,1,0,0,0,1,1,1,1,0,0,0,0,1,0,0,0,1,1,1,1,0,0,1,1,0,1,1,1,3,2,4,5,6,7,8
"113",1,0,1,0,1,0,1,0,1,1,0,0,0,1,0,1,0,1,0,0,0,1,0,1,0,1,1,1,0,0,0,0,1,2,3,4,5,6,8,7
"114",0,1,0,1,0,0,0,1,1,0,1,0,0,1,0,0,0,1,0,0,0,0,0,0,1,0,1,1,1,0,0,1,1,2,3,4,6,5,8,7
"115",1,0,1,1,0,0,0,1,1,1,1,1,0,0,0,0,0,0,0,1,1,0,0,0,1,0,0,0,1,0,1,1,1,2,4,3,5,8,6,7
"116",1,1,0,0,1,1,0,1,1,0,1,0,0,1,1,1,0,1,1,1,0,1,0,1,0,0,0,0,0,1,0,1,8,1,2,3,4,5,6,7
"117",0,1,1,1,0,1,0,1,1,1,1,1,0,0,1,1,0,0,1,0,1,0,1,0,0,0,0,0,0,1,0,1,1,2,3,5,4,6,7,8
"118",1,0,1,0,1,0,0,1,1,0,1,0,0,1,1,0,0,0,1,1,1,1,0,1,0,1,1,0,0,1,0,1,1,2,3,4,5,6,8,7
"119",1,0,1,1,0,0,1,0,0,0,1,1,1,1,0,0,1,0,0,0,1,0,0,0,1,1,0,0,0,0,1,0,1,2,3,5,4,6,8,7
"120",0,1,0,1,0,0,1,0,0,1,0,1,1,1,1,0,1,1,1,1,0,1,0,0,0,1,0,1,0,0,1,1,1,2,3,4,6,5,7,8
"121",1,1,0,1,1,1,0,1,1,0,1,1,0,0,1,0,1,1,0,1,1,0,0,1,1,0,0,0,1,0,1,1,8,1,2,3,4,5,6,7
"122",0,0,1,1,0,0,1,1,0,1,0,1,1,1,1,1,0,0,0,1,0,0,1,1,1,0,1,0,1,1,1,0,1,2,3,4,7,6,5,8
"123",1,0,1,0,1,0,1,1,0,0,0,0,1,1,0,0,1,0,0,1,1,0,0,1,0,1,0,1,1,1,0,1,1,2,3,4,5,6,7,8
"124",0,0,1,0,1,1,0,0,1,1,1,1,0,0,1,0,1,1,0,0,1,1,1,1,0,1,0,1,0,1,0,0,1,4,2,3,5,6,8,7
"125",0,0,0,1,0,0,0,0,0,1,0,1,1,1,1,1,1,0,0,1,1,0,1,1,0,0,0,0,1,1,0,0,1,2,3,4,6,5,7,8
"126",0,1,1,0,0,0,1,0,0,1,1,0,1,1,0,0,0,0,1,0,1,1,1,1,0,1,1,0,1,1,0,1,1,2,3,5,4,8,7,6
"127",1,0,1,1,0,0,1,1,0,0,1,0,1,0,1,0,1,0,1,1,0,0,0,1,1,1,0,1,0,1,1,0,1,2,3,4,5,6,8,7
"128",1,0,0,0,0,1,0,0,1,1,1,0,1,1,1,0,1,0,1,1,0,1,1,0,1,0,0,0,1,1,1,0,1,2,3,4,5,6,7,8
"129",1,0,1,1,0,0,0,1,0,1,0,0,1,1,0,0,0,1,1,1,0,0,0,1,1,0,0,1,0,0,1,1,2,1,4,3,6,5,7,8
"130",1,1,1,0,1,0,1,1,1,0,1,1,1,0,0,0,0,1,0,0,0,1,0,0,0,1,0,0,0,1,0,0,8,1,2,3,4,5,6,7
"131",0,0,1,1,1,1,1,0,1,1,1,0,1,1,1,1,1,0,1,1,1,1,1,1,0,1,1,0,1,0,0,1,1,2,3,5,4,6,7,8
"132",0,1,0,1,1,0,0,0,1,1,1,0,1,0,1,1,1,1,0,1,0,0,1,0,0,0,0,1,0,1,1,0,1,2,3,4,5,6,7,8
"133",0,1,1,0,0,1,1,1,1,0,1,1,1,1,0,0,0,1,1,0,1,1,1,1,0,1,1,0,1,1,1,0,1,2,3,4,6,5,7,8
"134",0,0,0,1,0,0,0,1,1,0,1,1,1,1,1,1,1,1,0,1,0,0,0,0,1,1,0,0,1,0,1,1,1,2,3,8,5,4,6,7
"135",1,0,0,0,0,1,1,0,0,1,1,1,1,0,0,1,1,1,0,0,1,1,0,0,1,0,1,1,1,1,1,0,1,2,5,4,6,3,8,7
"136",1,0,0,0,1,0,1,0,1,0,0,0,1,0,0,1,1,0,1,1,1,1,1,0,1,1,1,1,0,0,0,0,1,2,4,3,5,7,6,8
"137",1,0,0,0,1,0,0,1,0,1,1,1,1,0,0,0,1,0,1,1,0,0,1,0,1,1,0,0,0,1,0,1,1,2,3,4,5,6,7,8
"138",1,1,0,1,0,1,0,1,1,1,1,0,0,1,1,0,1,0,0,0,1,0,1,1,0,0,1,0,0,0,0,1,8,1,2,3,4,5,6,7
"139",1,1,0,1,1,1,0,0,0,0,0,0,1,1,1,0,0,1,0,0,0,0,0,0,1,0,0,0,1,0,0,1,8,1,2,3,4,5,6,7
"140",1,1,0,0,1,1,0,0,1,0,1,0,1,1,1,1,0,0,0,0,0,1,0,1,0,1,0,1,0,0,1,1,8,1,2,3,4,5,6,7
"141",1,0,1,1,1,0,1,0,1,1,0,1,0,0,1,0,0,0,1,1,1,0,1,1,0,1,1,1,0,1,1,1,2,1,3,4,5,8,6,7
"142",0,1,0,1,0,0,0,0,0,0,1,0,0,1,0,0,1,0,1,0,1,0,1,0,1,1,1,0,0,0,0,0,2,1,3,5,7,4,6,8
"143",0,1,1,0,1,0,1,0,0,0,0,0,0,1,0,1,1,0,0,1,1,0,1,1,1,1,0,1,1,0,0,0,1,2,3,4,7,6,5,8
"144",1,0,0,1,0,1,0,0,0,0,1,1,0,1,1,0,1,0,0,1,1,0,0,0,0,0,0,1,0,0,1,0,1,2,3,4,5,6,7,8
"145",1,1,0,0,1,1,1,0,0,1,0,0,0,1,0,0,0,1,1,0,0,1,0,1,1,0,1,1,0,0,1,0,8,1,2,3,4,5,6,7
"146",1,0,1,1,1,1,1,1,1,1,1,0,0,0,0,0,0,1,1,1,1,1,1,0,1,0,0,1,0,0,0,0,1,2,3,4,5,8,6,7
"147",0,1,0,1,0,1,0,1,1,1,1,1,0,1,0,0,0,1,1,0,0,1,0,1,1,0,1,0,0,0,0,1,2,1,3,4,5,7,6,8
"148",1,1,1,1,1,1,1,0,1,1,1,0,1,1,0,1,0,1,0,1,0,1,0,1,1,0,0,1,0,0,0,1,8,1,2,3,4,5,6,7
"149",1,0,1,0,0,0,0,0,1,0,1,1,0,1,1,0,1,0,1,0,1,0,0,1,1,1,1,1,0,1,0,0,1,2,3,5,4,6,7,8
"150",1,0,0,1,1,1,1,0,0,1,0,0,0,0,1,0,1,0,1,1,1,1,0,1,0,1,1,1,0,0,0,0,1,2,3,4,6,5,7,8
"151",1,1,0,0,1,0,1,0,0,0,1,1,0,1,0,1,1,1,0,1,1,1,1,0,1,1,0,1,0,1,0,1,8,1,2,3,4,5,6,7
"152",0,0,1,0,0,0,0,1,1,1,1,0,0,0,0,0,1,1,0,1,1,1,1,1,1,0,0,1,1,1,0,1,1,2,3,4,5,6,7,8
"153",1,1,1,1,0,1,1,0,1,1,0,1,0,1,1,1,0,0,1,0,0,1,1,0,0,1,0,1,0,1,1,1,8,1,2,3,4,5,6,7
"154",1,0,0,1,0,1,0,1,1,0,1,1,1,0,0,1,1,0,0,1,1,1,0,0,0,0,1,0,0,1,0,0,1,2,3,5,6,4,7,8
"155",0,0,1,0,1,0,1,0,0,1,1,0,1,0,0,1,0,1,0,1,1,1,0,1,1,0,0,0,1,0,1,1,1,2,3,5,4,7,6,8
"156",0,1,1,0,1,0,0,1,1,0,1,0,0,0,0,0,1,1,1,1,1,0,0,1,0,0,0,1,1,1,0,0,1,2,3,4,6,5,7,8
"157",1,0,0,0,0,1,0,0,0,1,1,1,1,0,0,0,1,1,0,0,0,0,1,0,1,1,0,1,0,0,0,1,1,3,2,4,6,5,7,8
"158",1,0,1,1,1,0,0,1,1,0,0,1,0,0,1,0,0,0,0,1,1,0,0,1,0,0,0,1,1,1,1,0,1,2,3,6,7,4,5,8
"159",0,0,1,0,0,0,0,0,1,1,0,0,1,1,0,0,0,0,1,0,0,1,0,0,1,0,0,0,0,0,1,1,2,1,3,4,5,6,7,8
"160",1,1,0,0,1,0,0,1,0,1,1,1,1,1,1,0,0,1,0,0,1,1,1,1,1,0,1,1,1,0,1,1,8,1,2,3,4,5,6,7
"161",0,0,0,0,0,0,1,1,1,0,0,0,0,0,1,1,1,1,1,0,0,0,0,1,0,1,0,1,1,0,1,1,1,2,3,4,5,7,6,8
"162",0,1,1,1,0,1,0,1,0,0,1,1,1,0,0,0,1,1,0,0,0,1,0,1,0,0,0,0,0,0,1,1,1,2,3,4,5,6,7,8
"163",0,1,1,1,1,0,1,1,0,0,0,0,0,1,1,1,0,1,0,1,1,1,1,1,1,0,0,1,1,0,0,1,1,2,3,4,6,7,8,5
"164",1,1,1,0,0,1,1,0,0,1,0,0,1,0,1,1,1,0,1,1,0,1,0,0,0,1,0,1,1,1,1,0,8,1,2,3,4,5,6,7
"165",0,1,0,1,1,0,1,0,1,0,1,0,1,1,0,0,0,0,1,0,1,1,1,1,1,0,1,0,1,0,1,1,2,1,3,4,5,6,8,7
"166",0,0,1,1,1,0,1,0,1,0,0,1,1,1,1,1,1,0,0,1,0,1,0,1,0,1,0,1,0,0,1,1,1,2,3,4,7,5,6,8
"167",1,0,0,1,1,0,1,1,1,1,1,0,1,0,1,1,1,0,0,0,0,1,0,0,0,1,1,1,1,1,1,0,1,2,3,5,4,8,6,7
"168",0,0,1,0,0,1,0,1,0,0,0,0,0,1,1,1,1,1,0,1,1,1,0,0,1,0,1,1,0,1,0,1,1,3,2,4,6,5,7,8
"169",0,0,1,1,0,0,0,0,1,1,0,0,0,1,1,1,1,0,0,0,1,0,0,1,1,1,0,0,0,0,1,0,2,1,4,3,5,7,6,8
"170",0,0,0,1,0,0,1,0,1,1,0,1,0,1,1,1,1,1,1,0,0,1,0,0,1,0,1,0,0,0,0,1,1,3,2,5,4,6,7,8
"171",0,0,0,1,0,1,1,1,1,0,1,0,1,0,0,0,0,0,0,0,0,1,1,0,0,1,0,0,0,1,0,0,1,2,3,4,5,8,7,6
"172",0,0,1,0,1,1,1,0,0,0,1,0,1,1,0,1,0,0,0,1,0,0,0,0,1,1,1,1,1,1,0,0,1,3,2,5,6,4,7,8
"173",0,1,1,0,0,1,1,1,1,1,0,0,1,1,0,0,0,0,1,0,1,0,0,1,1,1,1,1,0,1,1,0,1,2,3,4,5,8,7,6
"174",1,1,0,1,0,1,1,1,0,1,1,1,1,0,0,0,1,0,1,0,0,0,1,1,1,1,0,1,1,1,1,1,8,1,2,3,4,5,6,7
"175",0,0,0,0,0,0,1,0,0,0,0,1,1,1,0,1,0,0,1,0,1,1,1,1,1,1,1,1,0,1,1,0,1,2,3,6,4,5,8,7
"176",1,0,1,0,1,1,0,0,0,0,0,1,1,1,0,0,0,0,1,1,1,1,0,0,0,1,0,0,0,1,0,1,1,2,3,4,5,6,7,8
"177",0,1,0,1,1,0,0,1,0,0,1,1,0,0,1,1,1,1,0,0,1,1,0,1,0,0,0,0,1,1,0,1,1,2,3,4,6,5,8,7
"178",1,1,1,0,1,1,0,0,0,0,1,1,0,1,1,0,0,0,0,0,0,1,0,1,1,1,0,1,1,1,1,1,8,1,2,3,4,5,6,7
"179",0,0,1,1,0,1,1,0,0,0,1,0,0,1,0,1,0,1,1,0,1,1,0,0,1,1,1,0,0,0,1,0,1,2,4,3,5,6,8,7
"180",1,0,1,1,0,1,1,0,0,1,1,1,0,1,1,1,1,1,0,1,1,1,0,0,0,1,1,0,0,1,0,1,2,1,4,3,5,6,7,8
"181",0,0,0,1,1,1,0,0,0,1,1,0,0,0,0,0,1,0,0,0,1,1,1,1,1,1,0,1,1,0,0,1,1,2,3,4,5,6,8,7
"182",0,0,0,1,1,0,1,0,1,1,1,1,1,0,0,1,0,0,1,1,1,1,0,0,1,1,1,1,1,1,0,0,1,2,3,4,5,8,7,6
"183",1,1,0,0,0,1,1,1,0,1,1,1,0,1,0,0,1,1,1,1,1,1,0,0,1,0,0,0,0,0,1,0,8,1,2,3,4,5,6,7
"184",1,0,0,1,1,0,1,0,0,1,0,0,1,0,0,0,0,0,1,1,0,0,0,0,0,0,0,1,1,0,0,1,1,2,3,4,5,6,7,8
"185",1,1,0,1,1,1,1,1,0,0,1,0,1,1,0,0,0,0,1,0,0,0,1,1,1,1,0,1,0,1,1,0,8,1,2,3,4,5,6,7
"186",1,0,0,0,0,1,1,1,0,0,0,1,0,1,1,0,1,1,1,0,0,1,1,1,0,1,1,1,0,1,1,0,2,1,4,3,8,5,6,7
"187",0,1,0,1,1,0,0,1,0,0,1,1,0,0,0,1,0,0,0,0,0,0,0,0,1,1,1,0,0,1,1,0,1,3,2,4,6,5,8,7
"188",0,0,0,1,1,1,1,0,1,0,1,0,1,0,1,0,0,1,1,0,0,1,1,0,0,0,0,1,0,0,1,1,1,3,2,5,4,6,8,7
"189",1,1,0,0,1,1,0,0,1,0,1,1,0,0,1,0,0,1,0,1,1,0,0,0,0,1,0,0,0,0,1,0,8,1,2,3,4,5,6,7
"190",1,0,1,1,0,1,0,1,1,1,0,0,1,1,0,0,0,1,0,0,1,0,0,0,0,1,0,0,0,0,1,1,2,1,3,4,5,7,6,8
"191",1,0,0,0,1,0,0,1,1,1,1,1,1,0,0,1,1,0,1,1,1,1,0,0,0,1,0,0,0,0,1,1,1,2,3,4,5,7,8,6
"192",0,0,0,0,0,1,1,1,0,1,0,1,0,1,0,1,1,0,1,1,1,1,0,1,1,1,0,1,1,0,1,0,1,2,3,4,5,7,6,8
"193",1,1,0,0,0,1,1,1,0,0,1,1,1,1,0,0,0,0,1,0,0,0,1,0,0,0,1,1,0,1,0,1,8,1,2,3,4,5,6,7
"194",0,0,1,1,1,1,1,0,0,0,0,0,1,0,1,0,0,0,1,1,0,0,1,0,1,1,1,1,0,0,1,1,1,3,2,4,5,6,7,8
"195",1,1,0,0,1,0,0,1,0,1,1,0,1,0,1,1,0,0,0,0,1,0,1,0,0,0,1,1,0,0,1,1,8,1,2,3,4,5,6,7
"196",0,1,0,0,1,0,1,1,0,1,0,1,0,1,0,1,0,1,0,0,0,1,0,1,0,0,1,0,0,0,1,0,1,2,3,4,6,5,8,7
"197",0,0,1,1,0,1,1,0,1,1,0,0,1,0,0,0,0,0,0,0,0,1,0,1,0,1,1,0,0,0,1,0,1,2,3,4,5,8,6,7
"198",0,0,0,1,1,1,0,1,1,0,1,1,1,1,1,1,1,1,0,0,0,1,1,1,0,0,0,1,0,1,0,0,1,2,3,5,4,6,7,8
"199",0,0,0,1,0,0,1,0,0,1,1,0,0,1,1,0,1,1,1,0,0,1,1,1,1,0,0,1,0,1,0,0,1,2,3,5,4,7,6,8
"200",0,0,0,1,1,0,0,0,0,1,1,1,0,1,1,0,1,0,1,0,0,1,1,1,0,0,1,1,1,0,0,0,1,3,2,4,7,5,6,8
"201",1,1,0,0,1,1,1,0,1,1,1,1,0,1,1,0,0,1,1,1,1,1,0,0,0,0,1,0,1,1,1,0,8,1,2,3,4,5,6,7
"202",1,1,1,1,1,1,0,1,1,1,0,1,1,1,1,1,1,1,0,0,1,1,1,1,1,1,0,1,1,0,1,1,8,1,2,3,4,5,6,7
"203",0,1,1,0,0,1,1,1,1,1,0,1,1,0,0,0,0,0,0,0,1,1,1,1,0,0,1,1,0,1,0,0,1,2,4,5,3,7,6,8
"204",1,0,1,1,1,1,0,1,0,1,0,1,1,1,1,1,1,1,1,1,1,0,1,1,0,1,0,0,0,0,1,0,1,2,3,4,5,7,6,8
"205",0,1,1,0,1,0,1,1,0,1,1,0,0,1,1,1,1,0,1,1,1,0,1,1,0,1,1,1,1,0,1,1,1,2,3,4,5,6,7,8
"206",0,1,0,0,1,1,0,0,0,0,1,0,0,1,1,1,0,1,0,1,0,1,1,0,0,1,0,1,1,1,0,0,1,2,3,4,5,6,7,8
"207",1,0,0,0,1,0,0,1,1,1,1,0,1,0,0,1,0,1,1,0,0,1,1,1,0,1,0,1,1,1,0,1,1,2,3,4,6,5,7,8
"208",0,0,0,0,1,1,1,0,1,1,1,0,0,1,1,1,0,1,0,1,0,1,1,1,1,1,1,1,0,0,1,1,1,2,3,4,7,5,6,8
"209",1,1,0,0,1,0,1,1,1,0,0,1,0,1,1,1,1,1,0,0,1,1,1,0,0,0,1,1,1,0,0,1,8,1,2,3,4,5,6,7
"210",0,1,0,1,1,0,0,0,1,1,0,1,1,1,0,1,0,0,1,1,0,1,1,0,1,0,0,1,1,0,1,1,1,2,3,4,5,7,6,8
"211",1,0,1,0,0,0,0,1,1,1,0,1,0,1,0,0,0,1,0,0,0,0,1,0,1,1,0,0,0,0,1,0,1,2,3,5,4,6,8,7
"212",0,1,0,0,1,0,1,1,1,1,0,0,1,1,1,1,1,0,0,0,1,1,1,1,0,0,1,0,1,0,0,0,1,2,4,3,5,6,8,7
"213",1,0,0,0,0,1,0,1,1,0,1,0,0,1,0,0,0,0,1,0,1,0,0,1,0,1,0,0,1,0,1,1,1,2,3,4,8,5,6,7
"214",1,0,1,0,0,0,0,1,1,1,0,1,1,1,1,0,0,0,0,1,1,0,1,1,0,0,1,1,0,0,0,1,1,4,2,3,8,6,5,7
"215",0,1,1,0,1,0,0,0,1,0,0,1,1,0,1,0,1,1,1,0,0,0,0,1,1,1,1,0,1,1,1,1,1,2,3,4,6,5,8,7
"216",0,0,1,1,0,1,0,1,0,1,0,0,0,0,1,0,0,0,1,0,1,1,0,1,0,1,0,0,0,1,0,0,2,1,4,3,6,5,7,8
"217",1,1,1,1,1,0,0,1,0,1,1,0,1,1,1,1,0,1,0,0,1,0,0,1,1,0,0,1,0,1,1,0,8,1,2,3,4,5,6,7
"218",0,0,1,1,0,0,0,1,0,1,0,1,0,0,0,1,0,1,1,0,1,0,0,1,1,1,1,1,1,0,1,1,1,2,3,4,5,6,7,8
"219",1,1,1,0,1,0,1,1,1,1,1,1,0,0,1,0,1,0,1,0,1,1,1,0,0,1,0,0,0,0,0,1,8,1,2,3,4,5,6,7
"220",1,1,0,0,1,1,1,1,0,0,0,1,0,0,1,1,1,1,1,0,0,0,1,1,1,0,1,1,1,1,0,1,8,1,2,3,4,5,6,7
"221",1,0,1,0,1,0,0,0,1,0,0,1,1,0,1,0,1,1,1,1,1,1,1,0,1,0,1,0,0,1,0,1,1,2,3,4,5,7,6,8
"222",1,0,1,1,1,1,1,0,1,1,1,1,0,1,1,1,0,0,0,1,0,1,1,0,0,0,0,0,0,1,1,1,1,2,4,3,5,6,8,7
"223",1,1,0,0,0,1,1,0,0,1,0,0,0,0,0,0,0,0,0,0,1,0,0,1,1,1,1,1,0,0,0,0,8,1,2,3,4,5,6,7
"224",0,1,0,1,0,1,0,1,1,0,0,0,0,1,1,1,0,1,0,0,0,0,0,1,1,0,0,0,0,0,1,0,1,2,4,3,5,6,7,8
"225",1,1,1,1,0,0,0,1,0,0,1,1,1,0,0,1,0,0,1,1,1,1,1,1,0,0,1,0,0,0,0,1,8,1,2,3,4,5,6,7
"226",0,0,0,0,1,1,1,1,1,0,0,1,1,1,1,0,1,0,0,0,0,1,0,1,0,0,0,1,1,1,0,0,1,2,3,4,5,7,8,6
"227",0,0,0,0,0,1,0,0,1,1,0,1,1,1,1,0,1,1,0,1,1,1,1,0,0,1,1,1,1,0,1,1,1,2,4,3,5,7,6,8
"228",0,1,0,1,1,0,1,1,0,1,1,0,1,1,0,1,1,1,1,0,0,1,0,0,0,1,0,1,0,0,1,1,1,2,3,4,5,8,6,7
"229",1,0,1,0,1,0,1,1,0,0,1,1,1,0,1,1,1,1,1,1,1,0,0,1,1,1,0,1,0,1,1,1,1,2,3,4,5,8,6,7
"230",1,1,0,0,0,0,1,0,0,0,0,1,0,0,1,1,1,0,1,1,1,1,0,0,0,1,0,0,0,0,1,1,8,1,2,3,4,5,6,7
"231",1,0,1,1,1,1,0,1,1,0,1,0,0,0,1,1,1,1,0,1,1,1,1,0,1,1,1,1,0,0,0,0,1,2,4,3,5,8,7,6
"232",0,1,1,1,1,1,1,1,0,0,0,0,0,0,1,0,1,0,0,1,0,0,0,0,0,0,1,0,1,1,1,1,1,2,3,5,7,4,6,8
"233",1,1,0,0,0,1,1,0,0,0,1,1,1,0,1,0,1,1,1,0,1,1,1,1,1,0,1,0,0,0,0,0,8,1,2,3,4,5,6,7
"234",0,0,1,0,1,0,0,0,0,0,1,1,1,0,1,0,1,1,1,1,0,0,1,1,0,0,1,0,0,1,0,1,1,2,3,4,6,7,5,8
"235",1,0,1,0,1,1,1,0,1,1,0,1,0,1,0,0,1,0,0,1,0,1,0,0,1,1,0,1,0,0,0,0,1,3,2,4,5,6,8,7
"236",1,1,1,1,0,1,0,0,0,0,0,1,1,0,1,1,0,1,1,1,1,0,1,0,1,0,1,1,1,0,0,0,8,1,2,3,4,5,6,7
"237",0,1,1,0,0,1,0,0,0,1,1,0,0,1,0,0,0,0,0,1,0,0,1,0,1,1,1,0,1,1,1,0,2,1,3,5,4,8,6,7
"238",0,0,1,1,1,1,1,1,0,0,1,1,0,1,0,1,0,0,1,0,0,0,1,0,1,0,0,0,1,0,0,0,1,2,3,4,5,6,8,7
"239",0,0,0,1,1,1,0,1,1,0,0,0,0,1,1,1,0,1,0,1,1,0,1,0,0,1,0,0,1,1,1,0,1,2,3,4,5,7,6,8
"240",1,1,0,1,0,0,1,0,0,1,0,0,0,1,0,1,1,0,1,1,1,1,0,1,1,0,1,1,1,1,1,1,8,1,2,3,4,5,6,7
"241",0,0,1,1,0,0,1,0,0,1,0,1,1,1,1,0,0,1,1,0,1,0,1,1,1,0,1,1,0,1,1,1,1,2,3,4,5,8,6,7
"242",0,1,1,1,1,1,0,1,1,0,1,1,0,0,1,1,1,0,1,1,0,1,0,1,1,1,1,1,0,0,0,0,1,2,3,4,5,6,8,7
"243",1,1,0,1,0,1,0,1,0,1,0,0,0,1,0,1,1,1,0,1,0,1,1,0,1,1,0,1,0,0,0,1,8,1,2,3,4,5,6,7
"244",0,0,0,0,0,0,0,1,0,1,0,1,1,0,0,0,1,1,1,1,1,1,0,0,1,0,1,0,1,0,1,1,1,2,3,4,6,5,7,8
"245",0,0,1,1,0,1,0,1,1,0,1,0,0,1,1,0,1,1,0,1,0,0,1,0,0,0,0,1,0,0,0,0,1,2,3,5,4,7,6,8
"246",0,0,1,0,0,0,1,1,1,0,0,1,0,0,1,1,0,1,1,1,1,0,0,0,1,1,0,0,0,1,0,0,1,2,3,4,8,6,7,5
"247",1,0,0,0,0,1,0,1,1,0,1,1,0,1,0,0,0,1,0,1,1,1,1,1,1,0,0,1,0,0,0,1,1,2,4,3,5,6,7,8
"248",1,0,0,0,0,1,0,0,1,1,0,1,1,1,1,0,0,0,0,0,0,1,0,1,1,1,0,1,0,1,1,0,1,2,3,4,5,8,6,7
"249",1,0,0,1,1,1,1,1,0,0,0,0,0,1,1,1,0,0,1,1,0,0,1,0,0,1,1,1,1,0,0,0,1,3,2,4,5,6,8,7
"250",0,1,0,0,1,0,1,1,1,0,1,0,0,0,0,1,0,0,0,0,1,1,0,0,1,0,1,1,0,0,1,0,2,1,3,4,6,7,5,8
"251",1,0,1,0,1,0,0,1,0,0,1,1,1,0,0,1,0,1,0,1,0,1,0,0,1,1,0,1,1,1,0,0,1,2,3,4,5,7,8,6
"252",1,0,1,0,1,0,0,1,0,1,0,0,1,1,0,0,1,1,0,0,1,0,1,1,1,1,0,1,1,0,1,1,1,2,3,4,5,6,7,8
"253",0,0,0,1,1,0,0,0,0,0,0,0,1,0,0,1,1,0,0,1,0,0,1,0,1,0,0,0,1,0,1,1,1,2,3,4,5,8,7,6
"254",1,1,0,0,0,1,0,0,0,0,1,1,1,1,0,0,0,1,0,0,0,1,0,1,0,0,1,0,0,0,0,0,8,1,2,3,4,5,6,7
"255",0,1,1,0,0,1,0,0,1,0,1,1,1,1,0,0,1,0,1,1,0,0,1,1,1,0,0,0,1,1,1,0,1,2,4,3,6,5,7,8
"256",0,0,0,0,1,1,1,0,1,0,0,1,1,0,0,0,1,1,0,1,1,0,0,1,1,0,1,1,1,0,0,1,1,2,4,3,5,6,7,8
"257",0,1,1,0,1,1,1,1,0,1,1,0,0,0,0,1,0,1,0,1,0,1,0,0,1,1,0,1,0,1,1,1,1,2,3,4,5,6,7,8
"258",0,0,0,0,0,0,1,1,0,0,1,1,0,0,1,0,1,0,0,0,1,1,1,1,0,1,1,0,1,0,1,0,1,2,3,6,4,7,5,8
"259",0,0,0,1,1,1,1,0,1,0,0,0,1,0,1,1,1,1,0,0,0,1,1,1,0,1,0,1,0,0,0,0,1,2,3,4,5,7,6,8
"260",0,1,1,1,1,0,0,0,0,1,0,0,0,0,0,0,1,1,0,1,0,1,1,0,1,1,1,1,0,1,0,1,2,1,3,4,7,6,5,8
"261",0,0,1,1,1,0,0,0,0,0,0,0,0,1,0,1,0,0,0,0,0,0,1,1,1,0,0,1,0,1,1,1,1,2,4,3,6,5,7,8
"262",1,1,0,0,1,1,0,1,0,0,0,0,1,0,1,0,0,1,0,0,0,0,0,1,1,1,0,1,0,0,1,1,8,1,2,3,4,5,6,7
"263",0,1,0,0,0,0,0,0,0,1,0,0,1,1,0,1,0,1,1,1,0,1,0,0,1,1,1,0,1,0,0,1,1,2,3,4,5,6,7,8
"264",1,0,0,0,0,0,1,0,0,0,1,0,0,1,0,0,1,0,0,0,0,0,0,1,1,0,1,1,1,1,1,1,1,3,5,2,4,6,8,7
"265",0,1,0,1,0,1,0,0,0,0,0,1,0,0,0,1,1,1,1,0,0,1,0,0,0,0,1,0,0,1,1,0,1,2,3,4,5,7,8,6
"266",0,1,0,0,0,0,0,0,0,1,1,0,1,1,0,1,1,0,1,0,1,0,1,1,1,1,0,1,1,1,0,1,1,3,2,4,5,6,8,7
"267",1,0,0,1,0,1,1,0,0,0,1,0,1,0,0,1,0,0,0,0,0,0,0,0,1,0,1,1,0,0,0,0,1,2,3,4,5,6,7,8
"268",0,0,1,0,1,1,0,0,0,0,0,1,1,1,1,0,0,0,0,0,1,1,1,0,1,0,1,1,1,0,1,1,1,2,3,4,5,8,6,7
"269",1,0,0,1,0,1,1,1,1,1,1,1,1,1,1,1,1,0,0,1,0,1,1,1,0,1,0,1,0,0,1,0,1,2,3,4,5,6,7,8
"270",0,0,0,0,0,0,0,0,1,0,1,1,1,1,1,0,0,0,0,1,0,0,1,1,1,1,1,0,1,0,0,1,1,2,4,3,7,5,6,8
"271",1,1,0,1,0,0,0,0,0,1,1,0,0,0,0,1,0,1,0,0,0,1,0,1,1,0,0,0,1,1,0,1,8,1,2,3,4,5,6,7
"272",1,0,0,1,0,1,0,1,0,1,1,0,0,1,0,1,1,0,0,0,0,0,1,0,1,1,1,1,1,1,1,0,1,3,2,5,4,6,8,7
"273",0,0,0,1,1,0,1,1,0,0,0,1,0,0,1,1,0,1,0,0,1,0,1,0,1,0,0,0,0,1,1,0,2,1,4,3,5,6,8,7
"274",1,1,0,0,0,0,1,1,1,1,0,0,0,1,1,1,1,0,0,0,1,1,0,0,0,1,1,0,0,0,1,1,8,1,2,3,4,5,6,7
"275",0,1,0,0,1,0,1,1,1,0,0,1,0,0,0,0,1,1,1,0,0,0,0,1,1,1,0,1,1,1,0,1,1,2,3,4,6,5,8,7
"276",1,1,0,1,1,0,0,1,1,0,0,0,0,1,0,0,1,0,0,1,0,1,1,0,1,0,1,0,0,0,0,1,8,1,2,3,4,5,6,7
"277",0,1,0,0,0,1,0,1,0,1,1,1,1,1,1,1,0,0,1,1,0,1,1,1,1,1,1,0,1,1,1,1,2,1,4,6,3,5,8,7
"278",0,1,0,0,0,0,1,0,1,1,0,1,1,0,0,1,1,1,0,0,1,0,0,1,0,0,0,1,1,0,1,0,1,2,3,4,6,5,7,8
"279",0,1,1,1,1,1,1,1,0,1,0,1,1,1,0,1,0,1,1,1,0,1,1,1,0,1,1,0,0,0,1,1,1,2,3,5,8,4,6,7
"280",1,0,1,0,1,1,1,0,0,1,0,0,0,1,0,1,1,0,1,1,1,0,1,1,1,0,0,1,1,1,0,0,1,2,3,4,5,6,8,7
"281",0,1,1,1,1,0,1,1,0,1,0,1,1,0,0,0,0,1,1,0,1,1,1,1,0,0,1,1,1,0,0,1,1,2,3,5,4,7,8,6
"282",1,1,0,0,1,0,1,0,0,0,1,0,0,0,0,0,0,0,0,1,0,0,0,0,0,1,1,1,0,0,1,1,8,1,2,3,4,5,6,7
"283",0,0,0,0,1,0,0,1,1,0,0,0,0,1,0,1,1,1,0,1,0,1,0,1,1,1,0,0,1,0,1,0,1,4,2,3,5,7,6,8
"284",0,1,0,1,0,0,1,1,1,0,0,0,0,1,0,0,1,0,1,1,1,0,1,1,1,1,0,0,1,0,0,0,1,2,3,4,5,6,8,7
"285",1,1,1,1,1,1,0,0,1,0,0,0,0,0,0,1,1,1,1,0,1,0,1,0,1,0,0,1,1,1,0,0,8,1,2,3,4,5,6,7
"286",0,0,1,0,0,0,0,1,1,1,0,1,0,0,1,0,1,0,0,0,0,0,0,0,0,1,1,0,0,1,1,0,1,2,3,4,6,5,7,8
"287",1,0,1,0,1,0,0,1,1,1,1,1,1,1,1,1,1,1,1,1,0,0,0,1,1,0,1,1,1,1,1,1,1,3,2,5,4,6,8,7
"288",0,1,1,1,0,0,1,0,0,0,0,1,0,0,1,1,0,0,0,0,0,0,0,0,0,1,1,0,1,0,1,0,1,2,3,4,6,5,8,7
"289",1,0,0,0,0,0,0,0,0,1,0,0,1,0,1,0,0,0,1,1,0,0,1,1,0,0,1,1,0,0,1,1,2,1,4,3,5,7,6,8
"290",0,1,0,1,0,0,1,0,0,0,0,0,1,0,0,1,0,1,1,0,1,0,1,1,0,1,1,1,1,1,0,0,1,2,3,4,6,7,5,8
"291",0,0,0,0,1,0,0,1,0,0,1,1,0,0,0,0,0,1,0,1,1,1,1,1,1,0,1,0,1,0,1,1,1,2,3,4,7,6,5,8
"292",1,0,0,0,1,0,0,1,1,0,1,0,0,1,0,0,0,0,0,1,0,0,1,0,1,1,0,1,0,1,0,1,1,2,3,4,5,6,7,8
"293",1,1,0,1,0,1,0,1,1,1,0,0,1,0,0,1,1,1,1,0,1,0,1,1,1,0,1,1,0,0,1,0,8,1,2,3,4,5,6,7
"294",0,0,1,0,1,0,0,1,1,0,1,0,1,1,0,0,1,0,0,1,0,0,1,1,0,1,0,1,1,1,0,0,1,2,5,4,3,6,7,8
"295",0,0,0,0,1,0,0,1,1,0,0,1,1,1,0,0,1,0,1,0,0,1,0,0,0,1,0,1,0,0,0,1,1,2,3,4,7,5,8,6
"296",0,1,0,0,0,0,0,0,0,1,0,0,1,0,0,1,0,0,1,0,0,0,1,1,0,0,1,1,0,0,0,1,1,2,3,4,5,7,6,8
"297",1,0,1,1,0,0,0,1,0,1,1,1,1,0,1,0,0,1,0,1,1,0,1,0,0,1,0,1,0,1,0,0,1,2,5,3,4,6,7,8
"298",0,1,0,1,0,1,1,1,0,1,0,0,1,1,1,1,0,0,1,1,0,1,1,1,1,0,1,0,1,1,1,1,2,1,3,4,7,6,5,8
"299",0,1,0,1,1,0,0,0,1,0,1,0,1,1,1,1,0,1,1,0,0,0,0,1,1,0,1,0,1,0,1,1,1,3,2,4,5,6,7,8
"300",1,1,0,1,1,1,0,1,1,1,1,0,0,1,1,1,0,1,0,0,1,1,0,0,1,1,1,0,1,0,0,0,8,1,2,3,4,5,6,7
"301",1,1,0,0,0,0,1,1,1,1,0,0,0,1,1,0,1,0,0,0,0,1,1,0,1,1,1,0,0,1,0,0,8,1,2,3,4,5,6,7
"302",0,0,0,0,0,0,1,0,1,1,1,1,0,0,0,1,0,0,0,0,0,1,1,1,0,0,1,0,1,1,0,1,1,3,2,4,5,7,6,8
"303",1,1,0,1,0,1,0,1,1,0,0,1,0,1,0,1,1,0,0,1,1,1,0,1,1,0,1,0,1,1,0,1,8,1,2,3,4,5,6,7
"304",1,1,0,0,1,0,1,1,1,0,1,0,1,1,1,1,1,1,0,1,1,1,1,1,1,0,0,0,0,1,1,1,8,1,2,3,4,5,6,7
"305",1,0,0,1,1,0,0,0,0,1,1,0,0,0,1,0,1,1,0,0,0,0,0,0,1,1,1,1,0,0,0,0,1,2,3,4,7,5,6,8
"306",0,0,1,1,1,0,1,1,1,1,1,0,0,1,1,0,1,1,0,1,0,0,1,0,1,0,0,0,1,0,1,1,2,1,3,5,4,6,8,7
"307",0,0,1,1,0,1,1,1,0,0,0,1,0,1,0,0,0,1,0,1,1,1,0,1,1,0,0,1,0,0,0,0,1,2,3,4,5,6,7,8
"308",1,1,1,0,0,0,1,1,0,1,0,0,1,1,1,1,0,0,1,0,0,0,1,0,0,1,1,0,0,0,1,1,8,1,2,3,4,5,6,7
"309",1,1,0,1,1,0,0,1,0,1,1,1,0,1,0,1,0,1,1,1,1,0,1,1,1,1,0,1,1,1,1,1,8,1,2,3,4,5,6,7
"310",0,1,0,0,0,0,0,1,0,0,1,1,1,1,1,1,0,0,0,1,0,1,0,0,1,0,1,1,1,0,1,1,1,2,3,4,5,8,7,6
"311",0,1,0,0,0,0,0,0,0,1,1,0,1,0,1,1,1,0,1,0,0,0,0,0,1,0,0,0,0,0,0,0,1,2,3,5,6,4,8,7
"312",1,0,1,0,0,1,1,1,0,0,1,1,0,1,1,0,1,1,1,0,1,0,1,0,0,1,1,1,0,1,1,1,1,2,4,3,6,5,7,8
"313",1,0,0,1,1,0,1,1,1,1,0,1,0,1,1,1,1,1,1,0,1,0,0,1,0,1,1,1,1,1,0,1,1,2,3,4,6,7,5,8
"314",1,0,0,1,1,1,1,0,1,0,1,1,1,0,0,0,0,0,0,0,0,1,1,1,0,1,1,0,0,0,0,1,1,2,4,3,6,5,7,8
"315",0,1,1,0,0,1,0,1,0,0,1,0,1,0,0,1,0,1,1,1,0,0,0,1,0,0,0,0,1,0,0,0,1,2,3,5,4,6,7,8
"316",1,0,0,1,1,1,1,0,0,0,0,0,1,0,1,1,0,1,0,0,1,0,0,0,0,1,1,1,1,0,0,0,1,2,4,3,5,6,8,7
"317",1,0,0,1,0,1,0,0,0,1,0,1,0,0,1,0,0,0,1,0,1,1,0,0,0,1,1,0,0,0,1,1,1,2,3,4,5,7,6,8
"318",0,0,1,1,1,1,0,0,0,1,0,0,0,1,0,0,1,1,1,0,0,1,0,0,0,1,1,0,0,0,1,1,1,2,3,5,4,7,6,8
"319",1,1,0,1,0,0,1,0,1,1,1,0,0,1,0,1,0,0,0,0,1,1,0,1,0,1,0,0,0,0,1,0,8,1,2,3,4,5,6,7
"320",1,0,1,0,0,0,0,0,0,1,1,0,0,0,1,1,1,1,0,1,0,0,1,0,0,0,1,0,0,1,0,1,1,2,3,4,7,8,5,6
"321",1,1,1,0,0,1,1,0,1,0,0,0,1,0,1,1,1,0,0,1,0,0,1,1,0,1,0,1,1,1,0,1,8,1,2,3,4,5,6,7
"322",1,1,0,1,0,0,1,1,0,0,0,0,0,0,1,0,1,1,1,0,0,0,0,0,0,0,1,0,1,0,1,1,8,1,2,3,4,5,6,7
"323",1,0,1,0,1,0,1,0,0,1,1,0,0,1,1,0,1,0,1,0,0,0,0,0,1,0,1,1,0,1,0,1,1,2,3,5,4,6,8,7
"324",0,1,1,1,1,0,0,1,1,1,0,1,0,1,0,0,1,0,0,1,0,0,0,0,1,0,0,1,1,0,0,0,1,2,3,6,4,7,5,8
"325",1,0,0,1,0,1,1,0,1,0,0,0,1,0,0,0,1,1,0,1,1,0,1,1,0,1,0,1,0,0,1,0,1,3,2,6,5,4,8,7
"326",0,1,1,1,0,1,1,0,1,0,1,0,0,1,0,1,1,0,1,0,1,1,1,0,1,1,1,0,0,1,1,0,1,2,3,4,5,6,7,8
"327",1,1,1,1,0,1,0,0,1,0,1,0,0,1,0,0,0,0,1,1,1,1,0,1,0,0,0,1,0,1,1,0,8,1,2,3,4,5,6,7
"328",0,1,1,0,0,0,0,1,0,0,0,1,1,1,1,0,0,0,0,0,1,0,0,1,1,0,1,0,0,0,1,1,1,2,4,3,8,5,7,6
"329",1,0,1,0,1,1,0,0,1,0,1,1,1,1,1,1,1,0,1,0,1,0,0,1,1,0,0,0,1,1,1,0,1,3,2,4,8,5,6,7
"330",1,0,1,1,1,0,0,0,1,1,1,1,1,0,0,1,1,1,0,0,1,0,1,1,1,1,0,1,0,0,0,0,2,1,3,4,7,5,6,8
"331",0,1,1,1,0,1,0,1,1,1,1,0,0,1,0,0,0,0,0,1,1,1,1,0,1,0,0,0,1,1,1,1,1,2,3,4,5,7,6,8
"332",0,1,0,1,0,1,0,1,1,1,0,1,0,0,0,0,0,1,1,0,1,0,1,0,1,0,1,1,0,0,1,0,1,2,3,4,7,6,5,8
"333",1,1,0,0,1,1,0,0,1,1,0,0,0,1,0,0,1,0,0,0,1,0,0,0,1,0,1,1,0,0,0,0,8,1,2,3,4,5,6,7
"334",0,0,0,0,0,1,0,0,1,0,1,1,0,0,1,0,0,0,1,1,1,0,1,1,1,0,1,1,1,1,1,0,1,5,2,3,4,7,6,8
"335",1,0,1,1,1,0,1,0,1,1,1,0,1,1,0,1,0,0,1,1,1,0,1,1,1,0,0,1,1,0,1,0,1,2,3,4,5,6,7,8
"336",0,1,1,1,0,1,1,0,1,1,0,1,0,1,1,1,0,1,1,0,0,1,1,0,1,1,0,0,0,0,0,0,2,1,3,6,4,5,8,7
"337",1,1,0,1,1,1,1,1,1,1,0,1,0,1,1,1,0,0,0,1,1,1,0,1,1,1,1,1,0,0,1,1,8,1,2,3,4,5,6,7
"338",1,1,0,1,0,1,1,1,1,0,0,1,1,1,0,0,1,0,0,0,0,1,1,1,1,1,0,1,0,0,1,1,8,1,2,3,4,5,6,7
"339",0,0,0,0,0,0,1,0,1,1,1,1,1,0,1,1,1,1,0,0,0,0,0,1,1,0,1,1,0,0,1,0,1,2,3,5,4,8,6,7
"340",0,0,0,0,1,1,1,1,0,1,1,0,0,0,1,0,0,0,0,0,0,0,0,1,0,0,1,0,0,1,0,0,1,2,3,4,6,5,8,7
"341",1,0,1,0,0,1,0,0,0,0,0,0,1,0,0,0,0,1,0,1,1,0,0,1,1,1,1,0,0,1,0,0,1,2,3,4,7,5,6,8
"342",1,0,1,1,0,0,1,1,0,0,0,1,0,0,1,0,0,0,0,0,0,0,1,0,0,1,1,1,1,0,0,1,1,2,4,3,5,6,7,8
"343",1,0,1,1,0,1,0,0,1,1,1,1,0,0,1,0,1,0,1,0,1,0,1,0,0,0,1,1,0,0,1,1,1,3,2,5,4,8,6,7
"344",0,1,1,0,1,1,0,1,0,1,1,0,0,1,0,0,0,0,1,1,1,0,1,1,1,0,1,0,0,0,0,0,1,3,2,4,5,6,7,8
"345",0,0,1,0,0,1,1,0,0,1,0,0,0,1,1,1,0,1,0,0,0,0,1,1,0,0,0,1,0,1,0,1,1,2,3,4,5,6,7,8
"346",1,1,0,1,0,0,1,0,1,1,1,1,1,1,1,1,0,0,0,0,0,0,0,0,1,1,0,0,1,0,1,1,8,1,2,3,4,5,6,7
"347",1,1,0,0,0,1,1,1,1,0,0,1,1,1,0,1,1,1,0,1,0,0,0,0,1,0,0,1,1,1,1,1,8,1,2,3,4,5,6,7
"348",0,0,0,0,0,0,1,1,0,1,1,0,0,1,0,1,0,1,0,1,0,1,1,0,0,0,0,1,1,0,0,1,2,1,3,4,5,7,6,8
"349",1,0,0,1,1,0,0,1,1,1,1,1,0,1,1,0,1,1,1,0,1,0,1,0,0,0,0,1,1,1,0,1,1,2,3,5,6,7,4,8
"350",1,1,1,1,0,1,1,0,1,1,1,1,0,0,0,1,0,1,0,1,1,1,0,1,1,0,0,1,0,0,0,0,8,1,2,3,4,5,6,7
"351",1,0,1,1,0,0,1,0,0,1,1,0,1,0,0,1,1,0,0,0,1,1,1,0,1,0,1,1,0,0,1,1,1,2,3,4,5,6,7,8
"352",1,1,0,1,1,0,1,0,1,0,1,0,1,1,1,1,1,0,0,1,1,1,1,0,0,1,1,0,1,0,1,1,8,1,2,3,4,5,6,7
"353",0,0,1,1,1,1,1,0,1,1,1,0,0,0,1,1,1,1,1,1,0,1,1,0,1,0,0,1,0,0,0,1,1,2,3,4,5,8,6,7
"354",0,0,1,0,1,0,0,1,1,1,0,0,0,0,0,1,0,1,0,0,1,0,1,0,1,0,1,1,1,1,1,1,1,2,4,3,5,6,7,8
"355",0,0,1,1,0,0,0,0,0,1,0,1,1,1,0,1,0,0,1,1,0,1,0,0,0,1,0,0,1,0,0,1,1,2,3,4,5,6,7,8
"356",1,0,0,1,1,1,0,0,1,0,1,1,1,0,0,1,0,0,1,1,1,0,0,0,0,1,0,0,1,0,0,0,1,2,3,4,5,6,8,7
"357",0,0,1,0,1,0,1,0,1,0,1,1,1,0,1,1,0,0,0,1,0,1,0,1,1,0,1,0,1,1,1,1,2,1,3,5,4,8,6,7
"358",1,1,1,1,1,0,1,1,1,0,0,0,1,1,1,1,0,0,0,0,0,0,0,1,0,1,0,0,0,1,0,1,8,1,2,3,4,5,6,7
"359",1,0,0,1,1,1,1,0,1,1,1,0,0,0,1,0,1,1,1,0,0,1,1,0,0,0,0,1,1,1,1,0,1,2,3,4,5,7,6,8
"360",1,0,0,0,0,1,0,1,1,0,0,1,0,1,1,1,0,1,0,1,1,0,0,1,1,0,1,0,0,0,1,0,1,2,3,4,5,6,7,8
"361",0,0,0,0,1,1,0,1,1,1,0,1,0,1,0,1,0,1,0,1,0,1,0,1,0,1,1,1,0,1,0,0,2,1,4,5,3,6,7,8
"362",0,1,0,1,0,0,1,1,1,1,0,1,1,0,1,0,0,1,1,1,1,1,0,1,0,1,0,1,0,0,1,1,1,2,4,3,6,7,5,8
"363",0,0,1,1,1,0,1,1,1,0,0,0,1,1,0,0,1,1,1,0,1,0,0,0,1,1,0,0,1,1,1,0,1,2,4,3,5,6,8,7
"364",1,1,1,1,1,0,1,1,1,0,1,0,1,0,1,1,0,0,1,0,0,1,0,1,1,0,1,0,1,0,1,1,8,1,2,3,4,5,6,7
"365",0,1,0,1,1,0,0,0,1,1,0,0,1,0,0,0,0,0,0,0,0,1,0,0,0,1,1,0,0,0,0,1,2,1,3,4,5,6,7,8
"366",0,1,1,0,0,1,1,0,0,0,1,1,0,1,0,1,0,1,0,1,1,0,0,0,1,1,1,0,1,0,0,0,1,4,2,3,5,6,7,8
"367",1,0,0,0,0,0,1,1,1,1,1,1,0,1,1,0,1,0,1,0,0,0,0,1,1,1,0,1,1,1,1,1,1,2,3,6,4,5,7,8
"368",0,0,1,1,0,0,1,0,0,0,0,1,1,1,1,0,1,0,1,0,0,0,0,0,1,0,1,1,0,1,0,0,1,2,3,4,5,6,7,8
"369",0,1,0,1,0,0,0,0,0,0,1,0,0,1,1,0,1,0,0,0,0,0,0,1,1,0,0,0,1,0,0,0,1,2,3,4,6,5,7,8
"370",1,0,1,0,0,0,0,1,0,1,0,0,0,0,1,0,1,0,1,1,1,0,1,1,1,1,0,1,0,1,0,1,1,2,3,4,5,6,8,7
"371",1,0,0,0,1,1,1,0,1,1,0,0,1,0,0,1,1,1,0,1,0,0,1,0,0,1,0,0,1,1,0,0,1,2,7,3,5,4,6,8
"372",1,1,1,0,1,1,1,1,0,0,1,1,0,0,0,1,1,0,1,1,1,1,0,1,1,0,1,0,0,0,1,0,8,1,2,3,4,5,6,7
"373",1,0,0,0,1,1,1,0,0,1,1,0,1,1,1,1,0,1,0,1,0,1,1,0,1,1,1,0,1,0,0,1,1,2,4,3,5,8,6,7
"374",0,1,1,0,0,0,0,0,0,0,1,1,0,1,0,0,0,1,0,0,0,0,0,1,1,1,1,1,1,0,0,0,1,2,3,4,5,6,7,8
"375",1,1,0,0,1,0,1,0,0,1,1,0,1,1,1,1,1,0,0,1,0,1,1,1,0,1,0,0,0,1,1,0,8,1,2,3,4,5,6,7
"376",1,1,0,1,1,1,0,1,1,1,0,1,0,1,0,0,0,0,1,1,0,0,0,1,0,0,0,0,0,0,1,0,8,1,2,3,4,5,6,7
"377",0,1,0,1,1,1,1,0,0,1,1,0,1,1,1,1,1,0,0,1,0,0,1,1,1,1,1,1,1,1,0,0,1,2,3,4,5,8,6,7
"378",0,1,1,0,1,1,1,1,0,0,1,0,0,0,1,1,1,1,1,0,0,1,0,0,1,0,1,0,1,0,0,0,1,2,3,4,5,8,6,7
"379",1,1,0,1,1,1,1,1,1,0,1,0,1,1,0,1,0,1,1,1,0,0,0,1,0,1,0,0,0,1,0,0,8,1,2,3,4,5,6,7
"380",0,1,1,1,1,1,0,1,0,0,1,0,1,0,0,1,1,1,0,0,0,1,1,0,1,1,1,0,1,0,0,0,1,2,3,4,7,5,6,8
"381",0,1,0,1,1,1,0,0,1,1,1,0,0,1,1,0,0,1,0,0,1,0,1,1,1,1,1,0,1,0,1,1,1,2,3,4,5,7,6,8
"382",1,0,0,0,0,1,0,0,0,1,1,0,0,1,0,0,1,1,0,1,0,0,0,0,1,1,1,1,1,1,1,0,1,4,2,3,5,7,8,6
"383",1,0,0,0,1,0,1,0,1,1,0,1,1,1,0,0,1,1,1,1,0,1,0,1,0,1,0,1,0,0,1,0,1,2,3,4,5,6,7,8
"384",1,0,0,1,1,1,1,1,1,1,1,0,1,0,0,1,0,0,0,1,1,1,1,0,0,0,0,1,1,0,0,0,1,2,3,8,4,7,6,5
"385",1,1,1,1,1,1,0,1,1,1,1,0,1,0,1,1,1,0,0,0,1,1,0,1,1,1,0,1,0,1,1,1,8,1,2,3,4,5,6,7
"386",0,0,0,0,1,0,1,0,1,1,1,0,0,0,1,1,1,0,0,1,1,1,0,1,1,0,1,1,1,1,1,0,1,2,3,4,5,6,7,8
"387",1,0,1,0,0,1,0,1,1,1,1,1,0,1,1,0,0,0,1,0,0,1,1,1,0,1,1,0,0,0,1,1,2,1,3,4,5,6,7,8
"388",1,0,1,1,1,0,1,1,1,1,0,0,0,1,0,1,0,1,1,0,0,1,0,1,0,1,0,1,0,0,1,1,3,1,2,4,5,6,8,7
"389",0,1,1,0,0,0,1,0,1,0,0,1,1,1,0,0,1,1,1,0,1,0,1,0,0,0,1,1,0,0,0,0,1,2,3,5,4,6,8,7
"390",0,0,1,0,1,0,1,1,1,1,1,1,1,1,0,1,0,1,0,1,1,1,0,1,1,1,1,1,1,0,0,1,2,1,3,4,5,7,6,8
"391",1,0,0,1,0,0,0,0,0,0,0,1,1,1,0,0,1,1,0,1,0,1,1,1,1,1,0,1,0,0,1,0,1,2,3,4,5,6,7,8
"392",1,1,0,0,0,1,1,0,0,1,0,1,0,1,0,1,0,0,0,0,0,0,1,1,0,1,0,1,0,0,1,0,8,1,2,3,4,5,6,7
"393",1,1,1,1,1,0,1,0,0,0,1,0,1,0,1,1,0,0,1,1,0,0,0,1,0,1,0,0,0,0,0,1,8,1,2,3,4,5,6,7
"394",1,0,1,1,1,1,1,0,1,0,1,1,1,1,1,0,1,1,0,0,1,1,0,1,0,0,1,1,1,0,0,1,1,2,4,3,5,8,6,7
"395",1,1,1,1,0,0,0,0,1,0,0,1,1,1,1,0,1,0,1,1,1,0,1,0,1,1,1,1,1,0,0,0,8,1,2,3,4,5,6,7
"396",1,1,0,1,0,0,1,0,0,1,1,1,0,1,0,0,0,0,1,0,1,0,1,1,1,0,0,1,0,1,1,0,8,1,2,3,4,5,6,7
"397",0,1,0,1,0,1,1,0,0,1,0,0,1,1,1,1,0,0,1,1,0,1,0,0,0,0,0,1,0,1,1,0,1,2,3,4,5,7,6,8
"398",1,0,1,1,1,0,0,0,0,1,0,0,0,1,1,0,0,1,0,1,1,1,0,1,1,1,0,0,1,1,0,0,1,2,4,3,5,6,7,8
"399",0,0,1,0,0,0,1,1,1,0,0,1,0,0,1,1,0,1,1,1,1,0,1,0,1,0,0,0,1,1,0,0,1,2,3,6,4,5,7,8
"400",1,0,0,1,1,0,0,0,0,1,0,1,0,0,0,0,1,1,0,0,1,1,0,1,1,1,0,1,1,0,1,1,1,2,3,4,5,6,7,8
"401",0,1,1,1,1,0,1,1,0,0,0,1,1,0,0,0,1,1,1,0,0,0,0,0,0,0,1,1,0,0,0,1,1,3,2,4,5,6,7,8
"402",1,0,0,1,1,1,1,0,0,1,0,1,0,0,0,0,0,0,1,1,0,0,0,1,0,0,0,1,0,1,1,1,1,2,3,4,5,6,7,8
"403",1,1,1,0,1,0,0,0,0,1,0,1,1,1,1,1,1,0,0,1,0,0,0,0,1,1,0,1,1,0,0,1,8,1,2,3,4,5,6,7
"404",1,1,0,0,0,0,1,1,0,1,0,1,1,1,1,1,0,1,0,1,1,0,0,1,1,1,0,1,1,0,0,1,8,1,2,3,4,5,6,7
"405",0,0,0,1,1,1,0,1,1,1,1,0,1,0,0,1,1,0,1,1,1,0,1,0,1,1,0,1,0,0,0,0,1,2,3,4,5,8,6,7
"406",1,0,0,0,1,0,0,0,1,1,0,1,1,1,1,0,0,1,0,0,0,0,0,1,1,1,0,1,0,0,1,1,1,3,2,4,6,5,8,7
"407",1,1,1,1,0,0,1,0,1,0,1,0,1,1,1,1,0,0,0,0,1,0,1,0,1,1,0,1,1,0,0,0,8,1,2,3,4,5,6,7
"408",1,0,1,0,0,0,1,0,0,1,1,1,1,0,0,0,1,1,1,1,1,1,1,1,1,0,1,0,0,0,0,1,1,2,3,4,7,6,8,5
"409",0,0,1,0,0,0,1,0,1,1,1,0,0,1,0,0,1,1,0,1,0,0,1,0,1,1,1,0,0,1,1,0,1,2,3,4,5,6,8,7
"410",0,1,0,1,0,1,1,0,0,1,1,1,0,0,1,1,0,1,0,1,0,1,1,1,1,1,1,1,0,0,0,1,1,2,3,4,5,7,6,8
"411",0,0,1,1,1,0,0,0,1,0,0,1,0,0,0,0,0,0,0,0,1,1,0,1,1,1,0,0,0,0,1,0,1,2,3,4,5,6,7,8
"412",0,1,1,0,0,1,1,0,0,0,0,1,1,1,0,0,0,1,0,0,1,1,1,1,1,0,0,0,1,1,1,0,1,2,3,4,5,6,7,8
"413",0,1,0,0,0,1,0,1,1,1,0,1,0,1,1,0,1,0,1,1,0,0,1,1,1,1,1,0,1,0,1,0,1,3,2,4,5,6,7,8
"414",1,0,0,1,0,0,0,1,1,0,0,0,0,1,0,1,0,0,1,1,0,1,0,0,1,1,1,1,0,1,1,1,1,2,3,4,5,6,8,7
"415",0,1,1,1,0,0,1,1,0,1,0,1,0,0,1,1,1,0,0,1,0,0,1,1,1,1,1,0,1,1,0,0,1,2,3,4,7,5,6,8
"416",1,0,0,0,0,0,0,1,0,0,0,0,1,1,0,0,1,1,0,0,1,1,1,1,0,1,0,0,1,0,1,0,1,2,3,8,4,5,6,7
"417",1,1,0,1,0,0,1,0,0,1,1,1,0,1,0,1,1,1,0,1,0,0,0,0,0,1,0,0,1,1,0,1,8,1,2,3,4,5,6,7
"418",0,1,0,1,1,0,0,0,1,0,0,1,0,0,0,0,0,0,1,0,1,1,0,1,0,1,1,0,0,0,1,1,1,2,3,4,6,7,5,8
"419",1,0,1,0,1,0,1,0,1,0,1,1,1,1,1,1,0,1,1,1,1,1,0,1,1,0,1,1,0,0,1,0,1,2,3,4,5,7,6,8
"420",0,1,1,1,1,0,1,1,1,0,0,1,1,0,1,0,1,1,0,1,0,0,0,0,0,0,0,0,0,1,1,1,2,1,3,4,6,7,5,8
"421",0,1,0,1,1,1,0,0,1,0,0,0,0,0,0,1,0,1,1,0,0,1,1,1,0,1,0,0,1,1,1,1,1,3,2,4,5,6,7,8
"422",1,1,0,0,1,0,0,0,0,1,0,0,1,1,1,0,0,1,0,0,1,0,1,1,1,0,0,0,0,1,1,0,8,1,2,3,4,5,6,7
"423",1,0,1,0,1,0,0,1,0,1,0,1,1,1,1,0,1,1,1,1,1,0,1,0,1,0,0,1,0,1,1,1,1,3,2,4,6,8,5,7
"424",1,1,1,1,0,1,1,0,0,0,0,1,0,0,1,0,1,0,0,1,0,1,0,1,1,0,1,1,0,0,0,1,8,1,2,3,4,5,6,7
"425",0,1,0,0,0,0,1,0,1,0,1,1,1,1,0,0,1,1,1,0,0,1,1,1,0,0,0,1,0,1,1,0,3,2,1,4,5,6,7,8
"426",0,0,0,0,1,1,0,0,0,0,1,0,0,1,1,1,0,1,0,0,0,1,0,0,1,1,0,1,0,0,0,1,1,2,4,5,3,7,6,8
"427",0,1,1,1,0,1,0,0,0,1,0,1,0,1,0,0,0,0,1,0,0,0,1,0,1,0,1,1,1,0,1,1,1,2,4,3,5,7,6,8
"428",1,1,1,0,1,1,1,0,0,1,0,0,0,0,1,1,1,0,0,1,1,0,1,1,0,1,0,1,1,0,0,0,8,1,2,3,4,5,6,7
"429",1,1,1,0,0,0,0,1,0,0,0,1,0,1,1,1,1,0,1,0,0,0,0,0,1,0,1,0,1,0,1,0,8,1,2,3,4,5,6,7
"430",0,0,1,1,0,0,0,0,1,1,0,1,1,0,1,0,1,1,1,0,1,0,1,0,1,1,0,0,1,1,0,0,1,2,3,4,5,6,8,7
"431",1,1,1,1,0,1,0,0,0,0,1,0,1,1,0,0,0,0,1,1,1,0,0,1,1,0,1,1,1,1,0,0,8,1,2,3,4,5,6,7
"432",0,0,1,0,1,1,1,1,0,0,1,1,0,0,1,0,1,0,0,0,1,0,0,0,1,0,0,1,0,0,1,0,1,2,3,5,4,8,6,7
"433",0,0,1,1,1,0,1,0,1,0,1,1,1,0,0,0,1,0,1,1,0,0,0,0,1,1,0,0,0,1,0,1,1,2,3,8,4,5,6,7
"434",1,1,0,0,1,1,0,0,1,1,1,1,0,1,1,1,1,0,1,0,1,0,1,1,0,1,0,0,0,0,0,0,8,1,2,3,4,5,6,7
"435",1,1,0,1,1,1,1,0,1,1,1,1,0,0,1,1,1,0,0,0,1,0,1,1,1,1,1,1,0,0,1,0,8,1,2,3,4,5,6,7
"436",0,0,0,1,0,1,1,0,0,1,1,0,0,0,1,1,1,1,1,1,1,0,1,1,1,1,1,0,0,0,0,1,1,3,2,5,4,7,6,8
"437",0,0,0,0,0,0,0,1,1,1,0,1,0,0,0,1,0,0,1,0,0,0,0,1,0,1,1,0,1,0,0,0,1,2,3,4,5,6,7,8
"438",0,0,0,1,1,1,0,1,0,1,1,0,0,0,0,0,1,1,0,0,1,0,1,0,0,1,0,0,1,0,0,0,1,2,3,4,5,6,7,8
"439",0,1,1,0,1,0,1,1,1,1,1,1,1,1,1,1,1,0,1,1,0,0,1,0,1,0,0,0,0,0,0,1,1,2,3,5,4,6,7,8
"440",0,0,1,1,0,1,0,0,1,0,0,1,1,1,0,1,1,1,1,1,0,1,1,0,0,1,1,1,1,1,0,1,1,2,3,4,6,5,8,7
"441",1,0,0,1,0,1,0,0,1,0,1,0,0,0,0,1,0,1,0,0,0,1,0,1,1,0,1,1,1,0,0,0,1,2,3,5,4,6,8,7
"442",0,0,1,0,0,1,1,1,1,0,1,1,0,1,0,0,1,0,1,0,0,1,1,1,0,0,0,0,1,1,1,1,1,2,3,4,5,7,6,8
"443",0,1,0,0,0,1,0,0,1,1,1,0,0,1,0,0,1,0,1,1,0,0,0,1,1,1,0,0,1,1,1,0,1,2,3,4,5,6,8,7
"444",0,0,1,1,0,0,1,0,0,1,1,1,0,1,0,0,0,0,1,1,1,0,1,1,0,1,1,1,0,0,0,1,2,1,3,4,5,6,7,8
"445",0,0,0,1,0,1,0,1,0,0,0,1,0,0,0,0,1,0,0,0,1,1,1,1,1,1,1,0,0,0,0,0,1,2,4,3,6,5,7,8
"446",0,0,1,0,1,1,1,1,1,1,1,1,0,0,1,0,1,0,0,0,1,0,1,0,1,0,0,0,1,1,0,0,1,2,3,5,4,6,7,8
"447",1,0,0,0,1,0,1,0,0,0,0,0,1,1,1,1,1,1,1,0,1,1,0,1,1,0,0,1,1,0,0,1,1,2,3,5,4,6,7,8
"448",1,0,0,0,1,1,1,1,1,1,1,0,1,1,1,1,0,0,1,1,1,0,0,0,0,1,1,0,0,0,1,1,1,2,4,3,6,5,7,8
"449",1,0,0,1,0,0,1,1,1,1,0,0,0,1,0,0,1,1,1,0,0,1,0,1,1,1,0,0,1,1,1,1,1,5,2,3,4,7,8,6
"450",1,1,1,1,0,1,0,0,1,1,1,1,0,1,1,0,1,1,0,0,1,1,1,0,0,0,1,1,1,0,1,0,8,1,2,3,4,5,6,7
"451",0,1,0,0,1,0,1,0,0,0,1,1,1,1,0,1,0,1,0,0,1,0,1,0,1,0,1,0,0,0,1,1,1,2,3,4,5,7,6,8
"452",1,0,1,0,1,0,0,1,1,1,0,1,0,1,0,0,0,0,1,0,0,0,1,1,0,0,0,1,0,1,0,0,1,2,3,6,4,5,8,7
"453",0,1,0,0,0,0,1,0,1,0,1,1,0,1,0,0,1,1,1,1,1,0,0,1,1,0,1,1,0,0,1,1,1,2,3,5,4,6,7,8
"454",0,0,1,0,1,0,1,1,1,0,1,0,0,0,1,0,0,0,1,0,1,0,1,0,0,1,0,0,0,0,1,1,1,2,3,5,4,8,6,7
"455",0,1,0,1,1,1,1,0,0,1,1,0,0,0,0,0,0,1,1,1,0,0,1,1,1,0,0,0,0,1,1,1,1,3,2,4,7,5,8,6
"456",1,1,1,0,0,0,1,0,0,1,1,0,1,0,0,1,0,1,0,0,1,0,0,1,1,1,0,0,0,1,0,0,8,1,2,3,4,5,6,7
"457",0,0,1,1,0,1,0,0,0,0,0,0,1,0,0,1,0,1,0,1,1,1,0,1,0,1,1,0,0,0,1,1,1,2,3,4,5,6,7,8
"458",1,1,0,1,1,0,1,0,0,1,0,1,0,1,0,1,0,0,1,0,0,0,0,1,0,1,1,1,1,1,0,1,8,1,2,3,4,5,6,7
"459",1,1,0,1,1,0,0,0,0,0,0,1,1,1,0,1,0,1,1,1,0,1,0,0,0,0,0,1,1,0,0,1,8,1,2,3,4,5,6,7
"460",1,0,1,1,0,0,0,1,1,0,0,0,0,0,0,0,0,1,0,1,0,0,0,1,1,0,0,0,0,0,1,0,1,2,4,3,5,6,8,7
"461",0,0,1,0,1,0,0,1,1,0,0,1,1,1,0,1,0,0,0,1,0,1,0,1,1,0,1,0,0,0,1,1,1,2,4,3,6,5,7,8
"462",0,1,1,0,0,0,1,0,0,1,1,0,0,1,0,0,0,0,0,0,0,1,1,1,1,0,0,0,1,0,0,1,1,2,6,3,5,8,7,4
"463",0,0,1,1,1,0,0,0,0,0,0,0,0,0,1,0,1,0,0,0,1,1,0,0,0,0,1,1,0,0,1,1,1,2,3,4,5,8,7,6
"464",0,1,1,1,1,0,0,1,1,1,0,1,1,1,0,0,1,0,0,0,0,1,1,1,0,0,0,1,1,0,1,0,1,2,4,3,5,7,6,8
"465",0,1,0,0,0,1,0,0,0,0,0,1,0,0,1,0,1,1,0,1,1,0,1,0,1,1,0,1,1,1,0,1,1,2,3,6,4,7,5,8
"466",1,0,1,0,1,0,1,1,1,0,1,0,1,0,0,0,0,1,1,0,1,1,0,0,0,1,0,1,1,0,1,1,1,2,3,4,5,6,7,8
"467",0,1,1,1,0,1,0,1,0,1,1,0,1,1,0,0,1,1,1,0,0,0,0,0,0,0,0,1,1,0,0,1,2,1,3,4,5,6,8,7
"468",0,0,0,1,0,0,1,1,0,0,0,1,1,0,1,1,0,0,1,0,0,0,1,1,1,0,0,1,0,0,1,1,1,2,3,4,5,6,7,8
"469",0,0,1,0,0,1,1,0,0,1,0,0,1,0,0,1,0,1,0,1,1,0,0,0,1,0,1,0,0,0,0,1,1,2,3,4,5,6,7,8
"470",0,1,1,1,1,0,0,0,0,0,1,1,1,0,1,0,1,1,0,1,0,0,0,0,0,0,0,0,0,1,1,0,1,2,3,4,5,7,6,8
"471",1,1,1,1,0,0,1,1,1,1,1,0,1,1,1,0,1,0,0,0,1,0,0,1,0,0,1,0,0,1,1,1,8,1,2,3,4,5,6,7
"472",0,1,1,1,1,1,1,0,0,1,0,1,1,1,1,1,0,0,0,0,1,1,1,1,1,0,0,1,0,1,0,0,2,1,3,4,5,6,7,8
"473",0,1,0,1,1,0,0,1,0,0,1,0,1,1,0,1,1,1,0,0,0,1,0,1,1,0,0,0,0,0,1,0,1,2,3,4,5,6,8,7
"474",1,1,1,0,1,0,1,1,0,1,0,1,0,0,0,1,1,0,1,1,1,1,0,1,0,1,1,0,0,1,0,0,8,1,2,3,4,5,6,7
"475",0,0,0,1,1,1,1,1,0,1,1,1,1,1,1,0,0,0,1,1,1,0,1,1,1,0,1,0,1,1,0,1,1,2,3,4,5,6,7,8
"476",0,1,1,1,0,1,1,1,0,0,1,0,1,1,0,1,0,0,1,1,0,0,1,0,0,1,0,1,1,1,0,0,1,2,4,3,5,6,7,8
"477",1,0,0,1,1,1,1,0,0,1,1,1,1,0,1,1,1,0,1,1,0,0,0,0,1,1,1,1,0,0,1,0,1,2,3,4,5,6,7,8
"478",1,0,1,1,1,0,0,0,0,1,0,0,0,1,0,0,0,0,0,0,0,0,0,1,0,1,0,1,1,1,0,1,1,2,3,5,4,8,7,6
"479",0,0,0,1,1,0,0,0,0,1,1,1,0,0,1,0,1,1,1,0,1,0,1,0,1,0,0,1,0,1,1,1,1,2,4,3,7,5,6,8
"480",0,1,1,0,0,1,1,0,0,0,0,1,1,1,0,1,1,0,1,1,1,1,1,1,1,0,1,0,0,0,1,0,1,2,3,4,5,7,6,8
"481",1,0,1,1,1,0,1,0,0,1,1,1,0,0,0,1,0,1,0,1,0,1,0,0,0,0,0,1,0,0,0,0,1,2,3,4,5,7,6,8
"482",0,0,1,1,0,1,1,1,1,1,1,0,1,1,0,1,0,0,0,0,0,1,1,0,1,0,0,1,0,1,1,0,2,1,3,5,4,7,6,8
"483",0,0,1,1,1,1,1,1,0,1,1,0,1,0,0,0,0,0,0,0,0,1,1,1,1,1,1,1,1,1,1,1,1,3,2,4,5,7,6,8
"484",1,1,0,1,0,0,1,1,0,0,0,0,1,0,1,0,0,0,0,0,0,1,0,1,0,0,0,1,1,1,1,0,8,1,2,3,4,5,6,7
"485",1,1,0,1,0,1,0,0,1,0,0,0,1,1,1,1,1,0,1,0,0,1,1,0,1,1,0,0,1,0,1,0,8,1,2,3,4,5,6,7
"486",1,1,1,1,1,0,0,0,1,0,1,0,0,1,1,0,0,0,1,0,0,1,1,1,1,1,0,0,0,0,1,1,8,1,2,3,4,5,6,7
"487",1,1,1,1,1,1,0,0,0,0,0,1,0,0,1,0,0,0,1,0,0,1,1,0,1,1,1,1,0,1,1,1,8,1,2,3,4,5,6,7
"488",0,1,0,0,0,0,1,1,0,0,1,0,1,0,1,1,1,1,1,0,0,1,0,0,1,1,0,0,0,0,1,0,1,2,3,4,5,6,8,7
"489",0,1,1,1,0,0,0,1,1,1,1,0,0,1,0,0,0,0,1,1,1,1,1,0,0,0,0,0,0,1,1,0,1,2,3,4,6,5,7,8
"490",1,0,0,1,0,1,0,0,0,0,1,0,1,1,0,1,1,1,1,0,0,1,0,1,1,0,0,0,0,1,0,0,1,2,3,4,5,6,8,7
"491",0,1,0,1,1,1,0,0,1,1,0,0,0,1,1,0,1,0,0,1,1,0,0,0,0,1,0,1,1,0,1,0,1,2,3,4,7,5,6,8
"492",0,1,1,0,1,1,1,0,0,0,1,1,1,0,0,0,0,1,1,1,1,1,0,1,1,1,0,0,1,1,0,1,1,2,3,4,5,6,8,7
"493",0,1,0,1,1,0,0,1,1,0,1,0,0,1,0,0,1,0,1,1,0,0,1,0,0,0,0,1,1,1,0,1,1,2,4,3,8,6,5,7
"494",1,0,1,1,1,1,1,1,0,1,0,0,1,1,0,1,0,0,1,0,0,0,1,1,0,1,0,1,0,0,1,1,1,2,5,4,3,6,7,8
"495",0,0,1,1,0,1,1,1,1,1,0,0,0,0,0,1,1,0,0,1,0,1,0,0,1,1,1,1,0,1,1,0,1,2,3,4,5,6,8,7
"496",1,1,0,1,1,0,1,1,1,0,0,1,0,0,0,0,1,1,0,0,0,0,1,1,1,0,0,0,0,0,1,1,8,1,2,3,4,5,6,7
"497",0,1,0,1,0,0,1,1,0,0,0,0,1,0,1,0,0,1,1,0,0,1,1,1,0,0,1,1,1,0,1,1,1,2,3,5,4,6,8,7
"498",0,0,1,1,1,0,0,0,1,1,1,0,1,0,1,1,1,0,0,0,0,1,0,1,0,1,1,0,1,1,1,0,1,2,4,3,5,6,7,8
"499",1,1,1,1,0,0,0,1,0,1,1,1,0,0,0,0,1,1,1,0,1,0,0,1,1,1,0,1,1,0,0,1,8,1,2,3,4,5,6,7
"500",0,1,0,0,0,1,0,1,0,1,0,0,1,1,1,0,0,1,1,1,0,0,1,0,0,1,1,0,1,0,0,0,2,1,4,5,3,7,6,8
