"","descriptor1","descriptor2","party1","party2","party3","party4","party5","party6","party7","party8"
"1",0,0,1,2,3,4,5,7,6,8
"2",0,0,1,2,3,4,5,6,7,8
"3",1,0,1,2,3,5,4,6,8,7
"4",1,1,8,1,2,3,4,5,6,7
"5",1,0,1,2,3,4,5,6,7,8
"6",1,0,1,2,3,4,5,6,7,8
"7",1,1,8,1,2,3,4,5,6,7
"8",0,0,1,2,3,4,7,5,6,8
"9",1,0,1,2,3,4,5,7,8,6
"10",0,0,1,2,3,4,5,6,7,8
"11",0,0,1,2,4,3,5,8,6,7
"12",0,1,1,2,3,4,5,7,6,8
"13",1,1,8,1,2,3,4,5,6,7
"14",0,1,1,2,3,6,5,4,8,7
"15",0,0,1,2,3,4,6,5,8,7
"16",1,0,1,2,5,3,4,7,6,8
"17",0,1,1,2,3,4,5,6,7,8
"18",0,0,1,2,3,4,5,6,7,8
"19",0,1,2,1,4,3,5,7,6,8
"20",1,0,1,3,2,4,6,7,5,8
"21",0,1,1,2,3,5,4,6,7,8
"22",0,1,1,2,3,4,5,7,6,8
"23",0,0,1,2,3,4,6,5,7,8
"24",0,0,2,1,3,4,5,7,6,8
"25",1,1,8,1,2,3,4,5,6,7
"26",0,1,1,2,3,4,5,6,8,7
"27",0,1,1,3,2,5,4,6,8,7
"28",1,1,8,1,2,3,4,5,6,7
"29",1,1,8,1,2,3,4,5,6,7
"30",0,1,1,2,4,3,6,7,5,8
"31",1,0,1,2,3,4,5,8,7,6
"32",0,1,1,2,3,4,5,6,7,8
"33",1,0,1,2,3,5,4,7,6,8
"34",0,0,1,2,3,4,5,6,8,7
"35",1,1,8,1,2,3,4,5,6,7
"36",0,1,2,1,3,6,4,7,5,8
"37",0,0,1,3,2,4,5,6,7,8
"38",1,1,8,1,2,3,4,5,6,7
"39",0,0,1,3,2,4,5,6,7,8
"40",0,1,1,2,4,3,5,7,6,8
"41",0,0,1,2,3,4,5,6,8,7
"42",1,1,8,1,2,3,4,5,6,7
"43",0,1,1,2,3,5,4,6,7,8
"44",1,1,8,1,2,3,4,5,6,7
"45",1,0,2,1,7,4,3,6,5,8
"46",0,1,1,2,4,3,5,6,8,7
"47",1,1,8,1,2,3,4,5,6,7
"48",0,0,1,2,3,4,6,8,5,7
"49",1,1,8,1,2,3,4,5,6,7
"50",1,1,8,1,2,3,4,5,6,7
"51",0,1,1,2,3,4,5,6,8,7
"52",1,1,8,1,2,3,4,5,6,7
"53",0,0,1,2,3,5,4,8,6,7
"54",0,0,1,2,3,4,5,6,8,7
"55",1,1,8,1,2,3,4,5,6,7
"56",1,1,8,1,2,3,4,5,6,7
"57",0,0,2,1,3,4,6,5,7,8
"58",1,1,8,1,2,3,4,5,6,7
"59",0,1,1,2,3,4,7,5,6,8
"60",0,0,1,2,3,4,5,6,7,8
"61",1,0,1,2,3,4,5,7,6,8
"62",0,0,1,2,3,4,5,7,6,8
"63",0,0,1,2,3,5,4,7,6,8
"64",0,1,1,2,3,4,5,7,6,8
"65",0,1,1,2,3,4,5,7,6,8
"66",0,0,1,2,3,4,6,5,8,7
"67",0,0,1,3,2,5,4,6,7,8
"68",0,1,1,2,3,4,6,5,7,8
"69",0,0,1,2,3,5,4,6,7,8
"70",1,1,8,1,2,3,4,5,6,7
"71",0,0,1,2,3,4,5,7,6,8
"72",1,0,1,2,3,4,5,7,6,8
"73",0,1,1,2,3,5,4,8,6,7
"74",1,1,8,1,2,3,4,5,6,7
"75",0,1,1,2,4,3,6,5,8,7
"76",1,1,8,1,2,3,4,5,6,7
"77",1,1,8,1,2,3,4,5,6,7
"78",0,1,1,2,3,4,6,5,7,8
"79",1,0,1,2,4,3,5,6,7,8
"80",0,1,1,2,3,6,5,4,7,8
"81",0,0,1,2,3,4,5,6,7,8
"82",1,1,8,1,2,3,4,5,6,7
"83",0,0,2,1,3,4,5,6,7,8
"84",0,1,1,2,3,5,6,4,7,8
"85",0,1,2,1,3,7,4,5,6,8
"86",0,1,1,3,2,4,5,6,7,8
"87",1,1,8,1,2,3,4,5,6,7
"88",0,1,1,2,4,3,5,7,6,8
"89",1,0,1,2,3,5,4,6,8,7
"90",0,1,1,2,3,4,6,5,8,7
"91",0,1,1,2,4,3,5,7,6,8
"92",1,0,1,2,4,3,6,5,7,8
"93",0,1,1,2,3,4,5,6,7,8
"94",1,1,8,1,2,3,4,5,6,7
"95",1,0,1,2,3,4,5,6,7,8
"96",0,1,1,3,2,4,5,7,6,8
"97",1,1,8,1,2,3,4,5,6,7
"98",1,0,1,4,2,3,5,8,6,7
"99",0,1,1,2,3,4,5,6,7,8
"100",0,1,1,2,4,3,5,6,7,8
"101",0,0,1,2,3,5,4,8,7,6
"102",0,1,1,2,3,8,4,5,7,6
"103",0,1,1,2,3,6,4,8,5,7
"104",0,1,1,3,2,4,6,5,7,8
"105",1,0,1,2,3,4,5,7,8,6
"106",0,1,1,2,3,6,5,4,7,8
"107",0,0,1,2,3,4,6,7,5,8
"108",0,0,1,2,3,4,6,5,7,8
"109",1,1,8,1,2,3,4,5,6,7
"110",0,0,1,2,4,3,5,7,6,8
"111",0,0,1,2,3,4,5,6,7,8
"112",0,0,1,2,3,6,4,5,8,7
"113",1,0,1,2,5,8,3,4,7,6
"114",1,1,8,1,2,3,4,5,6,7
"115",0,0,1,3,2,4,5,6,8,7
"116",0,0,1,2,5,3,4,7,6,8
"117",0,0,1,2,4,3,6,5,7,8
"118",0,1,1,2,3,6,4,5,7,8
"119",1,0,1,2,3,5,4,7,6,8
"120",1,0,1,3,2,4,5,8,7,6
"121",1,0,1,2,3,4,5,7,8,6
"122",1,1,8,1,2,3,4,5,6,7
"123",1,0,1,2,3,4,6,7,5,8
"124",1,1,8,1,2,3,4,5,6,7
"125",0,0,2,1,3,4,7,5,6,8
"126",0,0,1,2,3,4,6,5,8,7
"127",1,0,1,2,3,4,5,6,7,8
"128",1,1,8,1,2,3,4,5,6,7
"129",0,1,1,2,3,4,5,6,7,8
"130",0,0,2,1,3,4,5,7,6,8
"131",1,0,1,2,3,6,4,5,7,8
"132",1,0,1,3,2,6,4,5,8,7
"133",1,1,8,1,2,3,4,5,6,7
"134",1,0,1,3,2,5,4,6,7,8
"135",1,0,1,2,3,4,5,8,6,7
"136",0,0,1,2,3,4,5,6,7,8
"137",0,0,1,2,3,4,5,8,6,7
"138",0,0,1,2,3,5,4,6,8,7
"139",1,1,8,1,2,3,4,5,6,7
"140",1,1,8,1,2,3,4,5,6,7
"141",0,0,1,2,3,4,5,7,8,6
"142",1,0,1,2,3,6,4,7,5,8
"143",1,0,1,2,5,4,3,8,6,7
"144",0,0,1,2,3,4,6,5,7,8
"145",0,1,1,2,4,3,6,5,7,8
"146",0,0,2,1,4,3,5,6,8,7
"147",1,1,8,1,2,3,4,5,6,7
"148",1,1,8,1,2,3,4,5,6,7
"149",1,1,8,1,2,3,4,5,6,7
"150",0,1,1,2,3,5,4,8,7,6
"151",1,1,8,1,2,3,4,5,6,7
"152",1,1,8,1,2,3,4,5,6,7
"153",0,0,1,2,3,4,5,6,7,8
"154",1,1,8,1,2,3,4,5,6,7
"155",1,1,8,1,2,3,4,5,6,7
"156",1,0,1,2,3,4,5,6,8,7
"157",0,0,1,2,3,4,5,6,8,7
"158",1,1,8,1,2,3,4,5,6,7
"159",0,0,1,2,3,4,5,6,8,7
"160",0,0,1,2,3,4,6,5,7,8
"161",1,1,8,1,2,3,4,5,6,7
"162",0,0,1,2,3,4,5,6,7,8
"163",0,1,1,2,3,4,5,6,7,8
"164",1,0,1,2,3,5,6,4,8,7
"165",1,1,8,1,2,3,4,5,6,7
"166",1,1,8,1,2,3,4,5,6,7
"167",0,1,1,2,3,4,5,6,8,7
"168",1,1,8,1,2,3,4,5,6,7
"169",1,1,8,1,2,3,4,5,6,7
"170",0,1,1,2,3,5,4,6,8,7
"171",0,0,1,2,4,3,6,5,8,7
"172",1,0,1,2,4,3,6,5,7,8
"173",0,0,1,3,2,5,4,7,6,8
"174",0,1,3,1,2,4,5,6,8,7
"175",0,0,1,2,3,5,4,7,8,6
"176",0,1,1,2,3,4,5,7,6,8
"177",0,1,2,1,3,5,4,6,7,8
"178",1,0,1,2,3,4,5,7,6,8
"179",0,0,1,2,3,4,5,6,7,8
"180",1,0,1,2,3,5,4,7,6,8
"181",1,0,1,2,4,3,5,6,7,8
"182",1,0,1,2,3,4,5,6,7,8
"183",0,0,1,2,3,4,7,6,5,8
"184",1,0,1,2,4,5,3,7,6,8
"185",0,0,1,2,3,4,7,5,8,6
"186",1,0,1,2,3,4,5,6,8,7
"187",0,0,1,2,4,5,3,8,6,7
"188",1,0,1,2,4,3,6,5,8,7
"189",1,0,2,1,3,4,5,7,6,8
"190",0,0,1,2,3,5,4,8,6,7
"191",0,0,1,3,2,4,6,7,5,8
"192",1,0,2,1,4,3,5,6,8,7
"193",1,1,8,1,2,3,4,5,6,7
"194",0,0,1,2,3,4,5,7,6,8
"195",1,0,1,2,3,4,6,5,7,8
"196",1,1,8,1,2,3,4,5,6,7
"197",0,0,1,2,3,4,6,5,7,8
"198",1,1,8,1,2,3,4,5,6,7
"199",0,1,1,2,3,4,5,6,7,8
"200",1,1,8,1,2,3,4,5,6,7
"201",1,1,8,1,2,3,4,5,6,7
"202",1,1,8,1,2,3,4,5,6,7
"203",0,1,1,2,3,4,5,6,7,8
"204",0,1,1,2,4,3,5,7,6,8
"205",0,0,1,2,4,3,6,5,7,8
"206",1,0,1,2,3,5,4,6,7,8
"207",0,0,1,2,3,4,5,7,6,8
"208",1,1,8,1,2,3,4,5,6,7
"209",0,0,1,2,3,6,4,5,7,8
"210",1,1,8,1,2,3,4,5,6,7
"211",0,0,1,3,2,4,5,6,7,8
"212",0,0,2,1,3,4,5,6,7,8
"213",0,1,1,2,3,4,5,8,7,6
"214",0,1,1,2,3,4,6,5,7,8
"215",0,1,1,4,2,3,5,6,7,8
"216",0,1,1,2,3,4,6,8,5,7
"217",1,0,1,3,2,5,4,6,8,7
"218",1,0,1,2,4,3,6,7,5,8
"219",0,0,1,2,3,5,4,7,6,8
"220",1,1,8,1,2,3,4,5,6,7
"221",0,0,1,2,3,4,5,6,7,8
"222",0,1,1,2,3,4,5,6,8,7
"223",1,0,1,2,5,3,6,4,7,8
"224",0,0,1,2,4,3,5,7,6,8
"225",1,1,8,1,2,3,4,5,6,7
"226",0,1,1,2,3,4,5,7,6,8
"227",0,0,1,2,3,4,5,8,7,6
"228",1,1,8,1,2,3,4,5,6,7
"229",1,0,1,2,3,4,5,7,6,8
"230",1,1,8,1,2,3,4,5,6,7
"231",0,0,1,2,3,5,4,7,6,8
"232",1,0,2,1,3,4,5,6,7,8
"233",1,0,1,3,2,4,5,6,8,7
"234",1,0,1,3,2,4,5,8,6,7
"235",0,0,1,2,3,4,5,6,8,7
"236",0,1,1,2,3,5,4,6,8,7
"237",0,0,1,3,2,5,4,6,7,8
"238",1,0,1,2,3,4,7,6,5,8
"239",0,0,1,2,3,4,5,8,6,7
"240",1,0,1,2,3,4,5,6,8,7
"241",1,1,8,1,2,3,4,5,6,7
"242",1,1,8,1,2,3,4,5,6,7
"243",0,0,1,2,3,4,5,7,6,8
"244",1,1,8,1,2,3,4,5,6,7
"245",1,0,1,3,2,4,5,7,8,6
"246",0,1,1,2,3,4,5,7,8,6
"247",1,0,1,2,4,3,5,6,7,8
"248",0,1,1,2,3,4,6,5,7,8
"249",1,1,8,1,2,3,4,5,6,7
"250",0,1,1,2,3,4,5,6,8,7
"251",0,1,1,3,2,5,4,6,8,7
"252",1,1,8,1,2,3,4,5,6,7
"253",0,0,1,2,3,5,4,6,7,8
"254",1,1,8,1,2,3,4,5,6,7
"255",1,1,8,1,2,3,4,5,6,7
"256",1,0,1,2,3,4,5,6,7,8
"257",1,1,8,1,2,3,4,5,6,7
"258",0,0,1,2,3,6,7,5,4,8
"259",0,1,1,2,3,5,4,6,7,8
"260",0,0,1,2,3,4,5,6,7,8
"261",1,0,1,2,3,4,5,6,7,8
"262",1,1,8,1,2,3,4,5,6,7
"263",0,1,1,3,2,4,5,6,8,7
"264",0,0,1,2,3,5,4,6,8,7
"265",0,0,1,2,3,4,5,6,8,7
"266",1,1,8,1,2,3,4,5,6,7
"267",1,1,8,1,2,3,4,5,6,7
"268",1,0,1,2,3,4,5,6,7,8
"269",0,0,1,2,3,4,5,6,7,8
"270",0,0,1,2,4,3,8,6,7,5
"271",1,1,8,1,2,3,4,5,6,7
"272",1,1,8,1,2,3,4,5,6,7
"273",1,1,8,1,2,3,4,5,6,7
"274",1,0,1,2,4,3,5,7,8,6
"275",1,1,8,1,2,3,4,5,6,7
"276",1,1,8,1,2,3,4,5,6,7
"277",1,0,1,2,3,4,5,6,7,8
"278",0,1,1,2,3,5,6,4,7,8
"279",0,0,1,2,4,3,5,6,7,8
"280",0,0,1,2,3,4,6,5,8,7
"281",0,1,1,3,2,4,6,5,7,8
"282",0,1,1,2,3,4,5,6,7,8
"283",0,1,1,2,3,4,5,6,7,8
"284",0,0,1,2,5,3,4,6,8,7
"285",0,0,1,2,3,4,6,5,7,8
"286",0,1,1,3,2,4,6,5,7,8
"287",1,0,1,2,3,4,5,7,6,8
"288",0,0,1,2,3,4,5,6,8,7
"289",1,0,1,4,3,2,5,6,7,8
"290",0,1,1,2,3,4,5,7,8,6
"291",1,1,8,1,2,3,4,5,6,7
"292",1,1,8,1,2,3,4,5,6,7
"293",0,1,2,1,4,3,5,6,8,7
"294",0,1,1,2,3,4,5,6,7,8
"295",1,1,8,1,2,3,4,5,6,7
"296",1,1,8,1,2,3,4,5,6,7
"297",0,1,1,2,3,4,5,8,7,6
"298",0,1,1,2,6,5,4,3,7,8
"299",0,0,1,2,3,5,4,6,8,7
"300",1,0,1,2,3,4,6,5,7,8
"301",1,1,8,1,2,3,4,5,6,7
"302",1,0,1,2,3,4,5,7,6,8
"303",1,1,8,1,2,3,4,5,6,7
"304",0,0,1,2,3,4,5,6,7,8
"305",0,1,1,2,3,4,6,5,7,8
"306",1,0,1,2,4,3,5,6,7,8
"307",1,1,8,1,2,3,4,5,6,7
"308",1,1,8,1,2,3,4,5,6,7
"309",1,1,8,1,2,3,4,5,6,7
"310",1,0,1,2,3,4,5,8,6,7
"311",0,0,2,1,3,5,4,6,7,8
"312",1,1,8,1,2,3,4,5,6,7
"313",1,1,8,1,2,3,4,5,6,7
"314",1,1,8,1,2,3,4,5,6,7
"315",1,1,8,1,2,3,4,5,6,7
"316",1,1,8,1,2,3,4,5,6,7
"317",0,1,1,2,3,4,5,7,8,6
"318",1,1,8,1,2,3,4,5,6,7
"319",0,1,1,2,3,4,5,6,7,8
"320",0,0,1,2,5,3,4,7,6,8
"321",0,1,1,2,3,4,5,6,7,8
"322",0,1,1,3,2,5,4,8,7,6
"323",0,0,1,2,4,3,5,6,7,8
"324",0,0,1,2,3,6,4,5,7,8
"325",1,0,1,2,3,4,5,8,6,7
"326",0,0,1,2,3,4,5,8,6,7
"327",1,1,8,1,2,3,4,5,6,7
"328",0,0,2,1,3,5,4,8,7,6
"329",1,0,1,4,2,3,6,7,5,8
"330",1,1,8,1,2,3,4,5,6,7
"331",0,0,1,2,3,4,5,6,7,8
"332",0,0,1,2,4,3,5,6,8,7
"333",0,1,1,2,3,4,5,6,7,8
"334",1,0,1,2,4,3,5,6,8,7
"335",0,0,1,2,3,4,6,5,7,8
"336",0,0,1,2,4,3,5,6,8,7
"337",0,0,1,2,4,3,7,6,5,8
"338",1,0,1,2,3,4,8,6,5,7
"339",1,0,1,2,3,5,4,7,6,8
"340",1,0,1,2,3,4,6,5,7,8
"341",0,0,1,2,4,3,6,7,5,8
"342",0,1,1,2,3,4,5,6,7,8
"343",1,1,8,1,2,3,4,5,6,7
"344",0,0,1,2,3,4,6,5,7,8
"345",0,0,1,2,3,4,6,5,8,7
"346",0,0,1,2,3,4,5,6,7,8
"347",1,1,8,1,2,3,4,5,6,7
"348",1,0,1,2,5,3,4,6,7,8
"349",1,1,8,1,2,3,4,5,6,7
"350",1,0,1,2,3,5,4,6,7,8
"351",0,0,1,2,3,4,5,8,6,7
"352",0,1,1,2,3,5,4,8,6,7
"353",1,1,8,1,2,3,4,5,6,7
"354",1,0,3,1,2,5,4,6,7,8
"355",1,1,8,1,2,3,4,5,6,7
"356",0,1,1,4,2,3,5,6,7,8
"357",1,1,8,1,2,3,4,5,6,7
"358",1,1,8,1,2,3,4,5,6,7
"359",0,0,1,2,3,5,7,6,4,8
"360",0,1,1,3,2,4,5,8,6,7
"361",1,1,8,1,2,3,4,5,6,7
"362",0,1,1,2,4,3,7,5,8,6
"363",1,0,1,2,4,3,5,6,7,8
"364",0,1,1,2,5,3,6,4,7,8
"365",0,0,1,2,3,4,7,6,5,8
"366",0,0,1,2,3,4,5,6,7,8
"367",1,1,8,1,2,3,4,5,6,7
"368",0,0,1,2,3,4,5,6,7,8
"369",1,0,1,4,2,3,6,8,7,5
"370",0,0,1,2,3,4,5,6,8,7
"371",1,0,1,2,3,5,4,6,7,8
"372",1,0,1,2,3,4,7,6,5,8
"373",0,0,2,1,3,5,4,6,8,7
"374",1,0,1,2,3,5,4,6,7,8
"375",1,1,8,1,2,3,4,5,6,7
"376",0,0,1,2,4,3,5,6,7,8
"377",0,1,2,1,3,4,5,6,8,7
"378",0,0,1,2,3,4,6,5,8,7
"379",0,1,1,2,4,3,5,6,7,8
"380",1,0,1,2,3,4,5,8,7,6
"381",1,1,8,1,2,3,4,5,6,7
"382",0,0,1,2,3,4,5,7,6,8
"383",0,1,1,3,2,4,5,6,8,7
"384",0,0,1,2,3,4,8,5,7,6
"385",0,1,1,2,3,4,6,5,7,8
"386",0,1,1,2,4,5,3,6,8,7
"387",1,0,1,2,3,4,6,5,7,8
"388",0,1,1,2,3,5,4,6,7,8
"389",0,0,1,3,2,4,5,6,7,8
"390",1,0,1,2,3,5,4,6,8,7
"391",1,1,8,1,2,3,4,5,6,7
"392",1,1,8,1,2,3,4,5,6,7
"393",0,1,1,2,3,5,4,7,6,8
"394",1,1,8,1,2,3,4,5,6,7
"395",1,0,1,3,2,4,5,8,6,7
"396",1,0,1,2,3,5,4,6,7,8
"397",0,0,1,2,3,4,5,6,7,8
"398",0,1,1,2,3,4,5,6,7,8
"399",1,0,1,3,2,4,5,6,7,8
"400",1,0,1,2,4,5,3,6,8,7
"401",0,1,1,2,3,4,5,6,8,7
"402",1,0,1,2,3,4,6,7,8,5
"403",0,0,1,2,3,4,5,6,8,7
"404",1,0,1,2,3,4,8,6,7,5
"405",0,1,1,2,3,4,6,5,7,8
"406",1,0,1,2,4,3,5,6,7,8
"407",0,0,1,2,3,4,5,8,6,7
"408",0,0,1,2,4,5,3,7,6,8
"409",0,0,1,2,3,4,5,7,8,6
"410",1,1,8,1,2,3,4,5,6,7
"411",0,0,1,2,4,3,5,7,6,8
"412",1,0,1,2,3,4,5,6,7,8
"413",0,1,1,2,3,7,4,5,6,8
"414",1,0,1,2,3,4,5,6,8,7
"415",0,0,1,2,3,5,4,8,7,6
"416",0,0,2,1,3,4,5,7,6,8
"417",0,0,1,3,2,4,5,7,6,8
"418",1,1,8,1,2,3,4,5,6,7
"419",1,1,8,1,2,3,4,5,6,7
"420",1,1,8,1,2,3,4,5,6,7
"421",0,1,1,3,2,4,5,7,6,8
"422",0,1,1,4,3,2,5,8,6,7
"423",0,1,1,2,4,5,3,7,6,8
"424",0,0,1,2,3,4,5,7,8,6
"425",1,1,8,1,2,3,4,5,6,7
"426",0,0,1,2,4,3,6,8,5,7
"427",0,0,1,2,4,5,3,8,7,6
"428",1,1,8,1,2,3,4,5,6,7
"429",0,0,1,2,3,5,4,6,7,8
"430",1,0,1,2,3,4,6,5,7,8
"431",1,0,1,2,3,4,6,5,7,8
"432",0,0,1,2,3,4,6,5,7,8
"433",0,0,1,3,2,4,5,6,8,7
"434",1,0,1,2,3,4,6,5,7,8
"435",1,0,1,2,3,4,5,6,8,7
"436",0,1,1,2,3,4,7,5,8,6
"437",1,1,8,1,2,3,4,5,6,7
"438",1,1,8,1,2,3,4,5,6,7
"439",0,1,1,2,3,6,4,5,8,7
"440",0,1,1,2,3,4,5,7,6,8
"441",0,1,1,2,4,5,3,8,6,7
"442",0,0,1,2,3,4,6,5,7,8
"443",1,0,1,2,3,4,6,5,7,8
"444",0,0,1,2,3,4,5,8,7,6
"445",0,1,1,2,3,4,5,7,6,8
"446",1,1,8,1,2,3,4,5,6,7
"447",1,1,8,1,2,3,4,5,6,7
"448",0,0,2,1,3,4,8,5,6,7
"449",1,1,8,1,2,3,4,5,6,7
"450",1,1,8,1,2,3,4,5,6,7
"451",0,0,1,2,3,5,4,6,8,7
"452",0,0,1,2,4,3,6,5,8,7
"453",1,1,8,1,2,3,4,5,6,7
"454",1,0,1,2,3,6,4,5,8,7
"455",1,0,1,2,4,3,6,5,8,7
"456",1,0,1,3,2,4,5,8,6,7
"457",1,1,8,1,2,3,4,5,6,7
"458",1,1,8,1,2,3,4,5,6,7
"459",0,0,1,2,3,4,6,7,5,8
"460",0,0,2,3,1,4,5,7,8,6
"461",0,1,1,2,3,4,6,5,7,8
"462",1,1,8,1,2,3,4,5,6,7
"463",0,0,1,2,3,5,6,4,8,7
"464",1,1,8,1,2,3,4,5,6,7
"465",1,0,1,2,4,3,6,5,8,7
"466",0,1,1,2,3,4,5,6,8,7
"467",1,1,8,1,2,3,4,5,6,7
"468",0,1,1,2,3,6,4,5,8,7
"469",0,1,1,2,3,4,5,7,6,8
"470",0,0,1,2,3,4,5,6,7,8
"471",0,0,1,3,2,4,5,8,6,7
"472",1,0,1,2,3,6,4,5,8,7
"473",0,0,1,2,3,4,6,7,5,8
"474",1,1,8,1,2,3,4,5,6,7
"475",1,1,8,1,2,3,4,5,6,7
"476",1,1,8,1,2,3,4,5,6,7
"477",0,0,1,2,3,4,5,6,7,8
"478",0,0,1,2,3,5,6,4,8,7
"479",1,1,8,1,2,3,4,5,6,7
"480",1,1,8,1,2,3,4,5,6,7
"481",1,1,8,1,2,3,4,5,6,7
"482",1,0,1,2,4,3,6,7,5,8
"483",0,0,1,2,3,4,5,6,8,7
"484",1,0,1,2,4,3,5,6,8,7
"485",0,1,1,2,3,4,7,6,5,8
"486",0,1,1,2,3,4,5,7,6,8
"487",1,1,8,1,2,3,4,5,6,7
"488",1,0,1,2,4,3,5,6,8,7
"489",0,1,1,2,3,5,4,6,7,8
"490",0,1,1,3,2,4,6,5,8,7
"491",0,1,1,2,3,5,6,4,8,7
"492",1,1,8,1,2,3,4,5,6,7
"493",1,0,1,2,4,3,5,8,6,7
"494",0,1,1,2,3,4,5,8,6,7
"495",0,1,1,2,3,4,5,6,7,8
"496",1,1,8,1,2,3,4,5,6,7
"497",1,1,8,1,2,3,4,5,6,7
"498",1,1,8,1,2,3,4,5,6,7
"499",1,0,1,2,3,4,5,7,6,8
"500",0,1,2,1,3,4,5,6,7,8
"501",0,1,2,1,3,4,5,6,7,8
"502",0,0,1,2,3,5,4,6,8,7
"503",0,0,1,2,3,7,4,6,5,8
"504",1,1,8,1,2,3,4,5,6,7
"505",0,0,1,2,3,4,5,6,7,8
"506",1,0,2,1,3,4,5,6,7,8
"507",0,1,1,2,4,3,5,7,6,8
"508",1,0,1,3,2,5,4,6,7,8
"509",0,1,1,2,4,3,5,8,6,7
"510",1,1,8,1,2,3,4,5,6,7
"511",1,1,8,1,2,3,4,5,6,7
"512",0,0,1,2,3,4,5,7,6,8
"513",0,1,1,2,3,4,5,8,6,7
"514",1,1,8,1,2,3,4,5,6,7
"515",0,1,1,2,3,5,7,4,6,8
"516",0,1,1,2,3,4,6,5,8,7
"517",1,0,1,2,4,6,3,5,7,8
"518",1,0,1,2,3,4,5,6,7,8
"519",1,0,1,2,3,4,5,6,7,8
"520",0,1,1,2,4,3,7,6,5,8
"521",0,1,1,2,3,4,5,6,8,7
"522",0,0,1,2,3,4,8,5,7,6
"523",0,0,2,1,3,4,7,5,8,6
"524",1,0,1,2,4,3,7,6,5,8
"525",1,1,8,1,2,3,4,5,6,7
"526",0,1,2,1,3,4,5,6,7,8
"527",1,1,8,1,2,3,4,5,6,7
"528",0,1,1,2,3,7,4,5,6,8
"529",1,0,1,2,4,3,5,6,7,8
"530",1,0,1,2,3,4,8,6,7,5
"531",1,0,1,2,3,5,4,7,6,8
"532",0,1,1,2,4,3,5,6,7,8
"533",1,1,8,1,2,3,4,5,6,7
"534",0,1,1,2,3,4,5,6,7,8
"535",0,0,1,2,3,5,6,7,4,8
"536",0,1,1,3,2,4,5,6,8,7
"537",0,1,1,2,3,4,6,5,8,7
"538",1,1,8,1,2,3,4,5,6,7
"539",1,1,8,1,2,3,4,5,6,7
"540",1,0,1,2,4,3,5,6,8,7
"541",0,1,1,2,3,5,4,6,8,7
"542",1,1,8,1,2,3,4,5,6,7
"543",1,1,8,1,2,3,4,5,6,7
"544",0,0,1,2,3,4,5,6,7,8
"545",0,0,1,2,3,4,6,5,8,7
"546",0,1,2,1,3,4,5,6,7,8
"547",0,0,1,2,3,4,5,6,8,7
"548",1,1,8,1,2,3,4,5,6,7
"549",1,1,8,1,2,3,4,5,6,7
"550",0,1,1,2,3,4,5,8,7,6
"551",1,0,1,3,2,4,5,7,6,8
"552",1,1,8,1,2,3,4,5,6,7
"553",0,1,1,2,3,4,6,5,7,8
"554",1,0,1,2,3,4,6,5,8,7
"555",1,1,8,1,2,3,4,5,6,7
"556",0,0,1,2,3,4,8,5,6,7
"557",0,1,1,3,2,4,7,6,5,8
"558",0,1,1,2,3,4,6,5,8,7
"559",1,0,1,2,3,4,5,8,6,7
"560",0,0,1,2,3,5,4,6,7,8
"561",0,1,1,2,3,4,6,7,5,8
"562",0,0,1,2,3,4,5,6,7,8
"563",1,0,1,2,3,4,5,6,8,7
"564",1,0,1,2,3,4,5,7,6,8
"565",0,1,2,1,3,4,5,6,7,8
"566",0,0,1,2,3,4,6,5,8,7
"567",1,1,8,1,2,3,4,5,6,7
"568",0,1,1,2,3,5,4,7,8,6
"569",1,1,8,1,2,3,4,5,6,7
"570",0,1,1,2,3,4,5,8,6,7
"571",0,0,1,2,3,5,6,4,8,7
"572",1,0,1,3,2,4,5,6,7,8
"573",0,0,1,2,3,5,4,7,6,8
"574",0,0,1,2,5,3,6,4,7,8
"575",1,1,8,1,2,3,4,5,6,7
"576",0,1,1,3,2,4,6,7,5,8
"577",0,0,1,3,2,4,5,6,8,7
"578",1,1,8,1,2,3,4,5,6,7
"579",1,1,8,1,2,3,4,5,6,7
"580",1,1,8,1,2,3,4,5,6,7
"581",1,0,1,2,4,3,5,6,7,8
"582",1,1,8,1,2,3,4,5,6,7
"583",1,0,1,3,2,4,5,8,6,7
"584",1,0,1,3,2,4,6,5,7,8
"585",1,1,8,1,2,3,4,5,6,7
"586",1,1,8,1,2,3,4,5,6,7
"587",1,1,8,1,2,3,4,5,6,7
"588",1,1,8,1,2,3,4,5,6,7
"589",0,1,1,3,2,5,4,6,8,7
"590",1,0,1,2,3,4,8,6,5,7
"591",0,0,2,1,6,3,4,7,8,5
"592",1,0,1,2,3,5,4,6,8,7
"593",0,1,1,4,2,3,5,6,7,8
"594",0,0,1,2,3,4,5,6,7,8
"595",1,1,8,1,2,3,4,5,6,7
"596",0,1,1,2,3,4,5,6,8,7
"597",0,1,1,2,3,5,4,7,8,6
"598",0,0,2,1,3,5,4,6,7,8
"599",0,0,1,2,3,5,4,6,7,8
"600",1,1,8,1,2,3,4,5,6,7
"601",1,0,1,2,3,4,5,6,7,8
"602",1,1,8,1,2,3,4,5,6,7
"603",1,0,1,3,2,4,8,5,6,7
"604",1,1,8,1,2,3,4,5,6,7
"605",1,1,8,1,2,3,4,5,6,7
"606",1,1,8,1,2,3,4,5,6,7
"607",0,1,1,2,3,4,8,5,7,6
"608",1,1,8,1,2,3,4,5,6,7
"609",0,1,1,3,2,5,4,6,7,8
"610",0,1,1,2,3,4,5,6,7,8
"611",0,0,1,2,3,4,5,6,8,7
"612",0,0,1,2,3,6,4,5,7,8
"613",1,0,1,2,3,4,5,7,6,8
"614",1,1,8,1,2,3,4,5,6,7
"615",1,0,1,2,3,5,4,6,7,8
"616",0,1,1,2,5,4,3,6,7,8
"617",0,0,1,2,3,5,4,8,7,6
"618",1,1,8,1,2,3,4,5,6,7
"619",1,0,1,2,3,4,5,6,8,7
"620",1,0,1,2,4,5,3,6,8,7
"621",0,1,1,3,2,5,4,6,7,8
"622",1,0,1,3,2,4,7,5,6,8
"623",1,1,8,1,2,3,4,5,6,7
"624",1,1,8,1,2,3,4,5,6,7
"625",0,0,1,2,3,5,4,7,6,8
"626",0,0,1,2,3,5,4,7,6,8
"627",0,0,1,2,3,4,5,8,6,7
"628",1,0,1,2,3,4,5,7,6,8
"629",0,0,1,2,3,4,5,6,7,8
"630",1,0,1,2,3,4,5,7,6,8
"631",0,0,1,3,2,4,5,7,6,8
"632",1,1,8,1,2,3,4,5,6,7
"633",1,0,1,2,3,4,5,8,7,6
"634",1,1,8,1,2,3,4,5,6,7
"635",0,1,1,2,5,3,4,6,7,8
"636",0,0,1,2,3,4,7,8,6,5
"637",1,0,1,2,3,4,5,8,6,7
"638",1,1,8,1,2,3,4,5,6,7
"639",0,1,1,2,3,4,5,8,6,7
"640",1,1,8,1,2,3,4,5,6,7
"641",1,0,2,1,3,5,4,6,7,8
"642",0,0,1,2,4,3,8,5,7,6
"643",1,0,1,2,3,4,6,5,7,8
"644",1,0,1,2,3,4,5,8,6,7
"645",0,0,1,2,3,5,4,7,6,8
"646",1,0,2,1,4,3,5,6,8,7
"647",1,1,8,1,2,3,4,5,6,7
"648",0,0,1,3,2,5,4,8,7,6
"649",1,0,1,2,3,5,6,7,4,8
"650",1,1,8,1,2,3,4,5,6,7
"651",0,1,1,2,3,5,4,6,8,7
"652",0,0,1,2,3,5,4,7,6,8
"653",0,0,1,3,2,4,7,6,5,8
"654",1,1,8,1,2,3,4,5,6,7
"655",0,1,2,1,3,5,6,4,8,7
"656",1,0,1,3,2,4,5,6,7,8
"657",1,0,1,2,6,3,4,5,7,8
"658",0,1,1,2,3,4,6,5,8,7
"659",1,0,1,2,3,6,4,5,7,8
"660",1,0,1,2,4,3,6,5,7,8
"661",1,1,8,1,2,3,4,5,6,7
"662",1,1,8,1,2,3,4,5,6,7
"663",0,0,1,2,3,5,6,4,7,8
"664",0,1,1,2,3,4,5,8,6,7
"665",0,0,1,2,4,3,5,7,6,8
"666",1,1,8,1,2,3,4,5,6,7
"667",1,1,8,1,2,3,4,5,6,7
"668",1,0,2,1,3,4,5,8,7,6
"669",0,1,1,4,3,2,6,5,8,7
"670",1,0,1,2,3,4,5,6,7,8
"671",1,1,8,1,2,3,4,5,6,7
"672",0,1,1,2,4,3,6,5,8,7
"673",1,1,8,1,2,3,4,5,6,7
"674",1,1,8,1,2,3,4,5,6,7
"675",1,0,1,2,4,3,6,5,8,7
"676",0,0,1,2,3,4,5,6,7,8
"677",1,1,8,1,2,3,4,5,6,7
"678",1,1,8,1,2,3,4,5,6,7
"679",1,0,1,2,3,6,4,7,5,8
"680",1,1,8,1,2,3,4,5,6,7
"681",1,1,8,1,2,3,4,5,6,7
"682",0,0,1,2,3,4,5,7,8,6
"683",0,1,1,2,3,6,4,5,7,8
"684",0,0,1,2,3,5,4,7,8,6
"685",0,0,2,1,3,4,5,8,6,7
"686",0,0,2,1,3,6,4,5,8,7
"687",1,0,1,3,2,5,6,4,7,8
"688",0,0,1,2,4,3,5,7,6,8
"689",1,0,1,2,4,3,5,6,7,8
"690",0,0,1,2,3,4,5,7,8,6
"691",1,1,8,1,2,3,4,5,6,7
"692",0,1,1,2,3,4,5,6,7,8
"693",1,1,8,1,2,3,4,5,6,7
"694",0,1,1,2,3,4,6,5,7,8
"695",0,0,1,2,3,4,6,5,7,8
"696",1,1,8,1,2,3,4,5,6,7
"697",1,1,8,1,2,3,4,5,6,7
"698",1,1,8,1,2,3,4,5,6,7
"699",0,1,1,2,3,4,5,6,8,7
"700",0,1,1,2,3,4,7,5,6,8
"701",1,0,1,2,3,5,4,7,6,8
"702",0,1,1,3,2,4,8,5,7,6
"703",1,0,1,2,3,4,5,6,8,7
"704",1,0,1,2,4,3,5,8,6,7
"705",1,1,8,1,2,3,4,5,6,7
"706",1,1,8,1,2,3,4,5,6,7
"707",1,0,1,2,4,3,6,5,7,8
"708",1,0,1,2,3,4,5,7,6,8
"709",0,1,2,1,3,4,5,7,6,8
"710",0,0,1,2,3,5,4,6,7,8
"711",1,1,8,1,2,3,4,5,6,7
"712",0,0,1,2,3,4,5,6,8,7
"713",0,0,1,2,4,3,7,8,5,6
"714",0,1,1,2,3,4,5,7,8,6
"715",0,0,1,2,3,4,5,8,7,6
"716",1,0,1,2,3,4,6,5,7,8
"717",1,0,1,2,3,4,5,7,6,8
"718",0,1,2,1,3,4,6,5,7,8
"719",0,1,1,2,3,5,6,7,4,8
"720",1,0,1,2,3,5,4,6,8,7
"721",0,0,2,1,3,5,4,7,6,8
"722",0,1,1,2,3,4,5,6,8,7
"723",0,0,1,2,4,3,5,6,8,7
"724",1,1,8,1,2,3,4,5,6,7
"725",1,1,8,1,2,3,4,5,6,7
"726",1,0,1,2,4,3,5,6,8,7
"727",1,0,1,2,5,4,3,6,7,8
"728",1,1,8,1,2,3,4,5,6,7
"729",1,1,8,1,2,3,4,5,6,7
"730",1,0,1,2,3,4,6,5,8,7
"731",1,1,8,1,2,3,4,5,6,7
"732",1,1,8,1,2,3,4,5,6,7
"733",0,1,1,2,3,4,6,5,7,8
"734",1,0,1,2,3,5,4,6,7,8
"735",0,0,1,2,3,5,4,6,7,8
"736",0,1,1,2,3,4,5,7,6,8
"737",1,1,8,1,2,3,4,5,6,7
"738",0,0,1,2,4,3,5,6,8,7
"739",0,0,1,2,3,4,5,6,7,8
"740",1,1,8,1,2,3,4,5,6,7
"741",1,1,8,1,2,3,4,5,6,7
"742",1,1,8,1,2,3,4,5,6,7
"743",1,1,8,1,2,3,4,5,6,7
"744",0,1,1,2,3,5,4,6,7,8
"745",0,0,1,3,2,5,4,6,7,8
"746",1,1,8,1,2,3,4,5,6,7
"747",0,1,1,2,3,4,5,6,7,8
"748",0,0,1,2,3,4,6,5,8,7
"749",0,1,1,2,3,5,4,6,7,8
"750",1,0,1,2,3,4,5,6,8,7
"751",0,0,1,3,2,5,4,6,7,8
"752",0,0,1,2,3,6,4,5,7,8
"753",1,0,1,2,3,4,5,6,7,8
"754",0,1,1,2,3,6,5,4,7,8
"755",1,0,1,2,4,3,6,8,5,7
"756",0,1,1,2,3,4,5,6,7,8
"757",1,1,8,1,2,3,4,5,6,7
"758",1,0,1,2,3,6,7,5,4,8
"759",1,1,8,1,2,3,4,5,6,7
"760",1,0,1,3,2,4,5,6,8,7
"761",1,0,1,3,2,4,5,6,8,7
"762",1,0,1,2,3,5,4,6,7,8
"763",0,0,1,2,3,5,4,7,6,8
"764",1,0,1,3,2,5,4,7,6,8
"765",1,1,8,1,2,3,4,5,6,7
"766",0,1,1,2,5,3,4,7,6,8
"767",0,0,2,1,5,3,4,7,6,8
"768",1,0,1,2,3,5,4,6,8,7
"769",0,0,2,1,5,3,6,4,7,8
"770",0,1,1,2,3,4,5,6,8,7
"771",1,1,8,1,2,3,4,5,6,7
"772",0,1,1,3,2,4,7,5,6,8
"773",1,0,1,2,3,4,5,6,7,8
"774",0,1,1,2,3,4,6,5,7,8
"775",1,0,1,2,3,5,4,6,8,7
"776",0,0,1,2,3,4,5,7,6,8
"777",1,0,1,2,3,5,4,6,7,8
"778",1,0,1,2,3,5,4,7,8,6
"779",0,1,1,2,5,4,3,6,8,7
"780",1,0,1,3,2,4,5,6,8,7
"781",0,0,2,1,3,4,5,7,6,8
"782",0,0,1,2,3,4,6,8,5,7
"783",1,0,1,2,3,5,4,6,7,8
"784",0,0,1,3,2,6,5,8,4,7
"785",0,1,1,2,3,4,6,5,8,7
"786",1,0,1,2,4,3,5,8,6,7
"787",0,0,1,2,3,4,5,6,8,7
"788",0,1,1,2,3,4,7,5,8,6
"789",0,0,1,2,5,4,3,6,8,7
"790",1,1,8,1,2,3,4,5,6,7
"791",1,1,8,1,2,3,4,5,6,7
"792",1,1,8,1,2,3,4,5,6,7
"793",1,1,8,1,2,3,4,5,6,7
"794",1,1,8,1,2,3,4,5,6,7
"795",1,0,1,2,4,3,6,5,7,8
"796",1,1,8,1,2,3,4,5,6,7
"797",0,1,1,2,4,3,5,7,6,8
"798",0,0,1,2,4,3,7,5,6,8
"799",1,1,8,1,2,3,4,5,6,7
"800",0,1,1,2,3,6,4,5,7,8
"801",0,1,1,2,3,4,5,6,8,7
"802",1,0,1,2,3,4,5,6,8,7
"803",1,0,1,2,3,4,6,5,8,7
"804",1,0,2,1,3,4,5,7,8,6
"805",0,1,1,3,2,4,6,5,8,7
"806",0,1,1,2,4,3,5,6,8,7
"807",1,1,8,1,2,3,4,5,6,7
"808",1,1,8,1,2,3,4,5,6,7
"809",0,0,2,1,4,3,5,6,7,8
"810",0,1,1,2,3,4,5,7,6,8
"811",0,1,1,2,3,4,5,7,8,6
"812",1,1,8,1,2,3,4,5,6,7
"813",1,0,1,2,3,4,5,7,6,8
"814",0,0,1,2,4,3,8,6,5,7
"815",1,1,8,1,2,3,4,5,6,7
"816",1,1,8,1,2,3,4,5,6,7
"817",0,1,1,2,3,6,4,5,8,7
"818",1,0,2,1,3,5,4,8,7,6
"819",1,0,2,1,3,6,5,4,7,8
"820",1,1,8,1,2,3,4,5,6,7
"821",1,0,1,2,4,5,3,6,8,7
"822",1,0,1,2,4,3,8,5,6,7
"823",0,0,1,2,3,4,5,6,8,7
"824",1,1,8,1,2,3,4,5,6,7
"825",1,0,1,2,3,4,6,5,7,8
"826",0,0,1,2,3,4,5,7,6,8
"827",1,0,1,2,3,4,5,6,7,8
"828",0,0,1,2,3,5,4,6,7,8
"829",0,1,1,4,2,3,5,7,6,8
"830",1,0,1,2,3,4,6,5,8,7
"831",1,1,8,1,2,3,4,5,6,7
"832",0,0,2,1,3,4,5,6,8,7
"833",1,0,1,2,4,3,7,5,8,6
"834",1,1,8,1,2,3,4,5,6,7
"835",1,0,1,2,3,4,5,6,7,8
"836",0,0,1,2,3,5,4,6,8,7
"837",1,1,8,1,2,3,4,5,6,7
"838",0,0,1,2,3,4,5,6,7,8
"839",1,1,8,1,2,3,4,5,6,7
"840",1,1,8,1,2,3,4,5,6,7
"841",1,1,8,1,2,3,4,5,6,7
"842",1,0,1,2,3,5,4,7,6,8
"843",0,1,1,2,3,4,6,5,7,8
"844",0,1,1,2,3,4,5,6,8,7
"845",0,0,2,1,3,5,4,8,6,7
"846",1,0,1,2,3,4,5,6,8,7
"847",0,1,1,2,3,4,5,6,8,7
"848",0,1,1,2,3,4,7,5,6,8
"849",0,0,2,1,3,5,7,4,6,8
"850",0,0,1,2,3,4,7,6,5,8
"851",1,0,1,2,3,6,4,8,5,7
"852",1,0,1,2,4,3,5,6,7,8
"853",1,0,3,1,2,5,4,6,7,8
"854",0,1,1,2,3,4,5,6,7,8
"855",1,1,8,1,2,3,4,5,6,7
"856",0,1,1,2,3,5,4,6,7,8
"857",0,0,1,2,3,4,5,6,7,8
"858",0,0,1,2,3,4,7,5,6,8
"859",0,0,1,2,3,4,5,8,6,7
"860",0,0,1,2,3,5,4,7,8,6
"861",1,1,8,1,2,3,4,5,6,7
"862",0,1,1,2,3,4,6,5,7,8
"863",1,1,8,1,2,3,4,5,6,7
"864",1,0,1,2,3,5,4,6,8,7
"865",0,1,1,2,3,4,5,6,8,7
"866",0,1,1,2,4,3,5,6,7,8
"867",0,1,1,2,4,3,6,5,7,8
"868",0,1,1,2,4,3,5,6,7,8
"869",0,0,1,2,3,5,4,8,6,7
"870",0,0,1,2,3,4,5,6,7,8
"871",1,0,1,2,3,4,5,7,8,6
"872",0,1,1,2,3,4,7,5,6,8
"873",1,1,8,1,2,3,4,5,6,7
"874",1,1,8,1,2,3,4,5,6,7
"875",0,1,1,3,2,5,6,4,8,7
"876",1,1,8,1,2,3,4,5,6,7
"877",0,1,1,2,3,4,6,5,7,8
"878",0,1,1,2,3,4,5,7,8,6
"879",1,0,1,2,4,3,5,6,7,8
"880",0,1,1,2,3,4,5,6,7,8
"881",0,1,1,2,3,4,5,6,7,8
"882",0,1,1,2,3,4,7,8,6,5
"883",0,0,2,1,4,3,5,6,7,8
"884",1,0,1,3,2,4,6,5,8,7
"885",0,0,2,1,3,5,4,6,7,8
"886",0,1,1,2,3,4,5,7,8,6
"887",1,1,8,1,2,3,4,5,6,7
"888",1,1,8,1,2,3,4,5,6,7
"889",1,0,3,1,2,5,4,6,8,7
"890",1,1,8,1,2,3,4,5,6,7
"891",0,1,1,2,3,4,5,6,8,7
"892",1,1,8,1,2,3,4,5,6,7
"893",0,1,1,2,3,4,5,7,6,8
"894",1,0,1,3,2,4,5,7,6,8
"895",0,0,1,2,3,4,5,6,7,8
"896",0,0,1,2,3,5,4,7,8,6
"897",1,0,1,2,3,4,7,5,6,8
"898",1,1,8,1,2,3,4,5,6,7
"899",0,0,1,2,3,5,4,7,8,6
"900",0,1,1,3,2,4,5,6,7,8
"901",0,1,1,3,2,5,4,6,7,8
"902",1,0,2,1,6,5,4,3,7,8
"903",1,1,8,1,2,3,4,5,6,7
"904",1,1,8,1,2,3,4,5,6,7
"905",1,0,1,2,3,6,4,5,7,8
"906",0,0,1,2,3,5,4,6,8,7
"907",1,0,1,2,3,4,7,5,6,8
"908",1,1,8,1,2,3,4,5,6,7
"909",0,0,1,2,3,4,7,5,8,6
"910",1,1,8,1,2,3,4,5,6,7
"911",0,0,1,2,4,3,5,7,8,6
"912",1,0,1,2,3,4,6,5,8,7
"913",1,0,1,2,3,4,5,8,6,7
"914",1,1,8,1,2,3,4,5,6,7
"915",0,0,1,3,2,4,5,6,7,8
"916",1,1,8,1,2,3,4,5,6,7
"917",0,1,1,2,3,4,5,7,6,8
"918",0,1,1,3,2,5,4,8,7,6
"919",1,0,1,2,3,4,5,6,7,8
"920",1,1,8,1,2,3,4,5,6,7
"921",1,0,2,1,3,4,5,6,7,8
"922",1,1,8,1,2,3,4,5,6,7
"923",0,1,1,2,3,4,5,6,8,7
"924",0,1,1,2,3,4,5,6,8,7
"925",0,1,1,2,3,5,4,6,7,8
"926",1,0,1,2,4,3,5,7,6,8
"927",1,1,8,1,2,3,4,5,6,7
"928",1,1,8,1,2,3,4,5,6,7
"929",1,1,8,1,2,3,4,5,6,7
"930",0,1,1,2,3,4,5,6,7,8
"931",0,0,1,2,3,4,5,6,7,8
"932",0,0,1,2,3,4,5,6,8,7
"933",1,1,8,1,2,3,4,5,6,7
"934",1,0,1,2,3,4,5,6,7,8
"935",1,0,1,2,3,5,6,4,8,7
"936",0,1,1,2,4,3,5,8,6,7
"937",1,1,8,1,2,3,4,5,6,7
"938",1,1,8,1,2,3,4,5,6,7
"939",1,0,1,2,3,6,5,4,8,7
"940",0,0,1,2,3,4,6,7,5,8
"941",1,1,8,1,2,3,4,5,6,7
"942",0,0,1,3,2,4,5,7,6,8
"943",1,1,8,1,2,3,4,5,6,7
"944",0,0,1,2,4,3,6,5,7,8
"945",0,0,1,2,3,4,5,7,6,8
"946",1,0,1,3,2,4,5,7,6,8
"947",0,0,1,2,3,4,6,7,5,8
"948",0,1,1,2,3,7,4,5,6,8
"949",0,0,1,4,2,3,6,5,7,8
"950",1,0,1,2,3,4,5,6,7,8
"951",0,1,1,2,3,5,6,4,7,8
"952",0,0,1,2,5,3,4,7,6,8
"953",0,1,1,2,3,4,5,8,6,7
"954",1,1,8,1,2,3,4,5,6,7
"955",1,1,8,1,2,3,4,5,6,7
"956",0,1,1,2,3,4,5,7,6,8
"957",0,1,1,3,2,4,5,6,8,7
"958",0,1,1,2,3,4,5,8,6,7
"959",1,0,1,2,3,4,5,6,7,8
"960",0,1,1,2,3,4,5,6,7,8
"961",0,0,1,2,3,4,8,5,6,7
"962",0,0,1,2,3,4,5,6,7,8
"963",0,1,1,2,3,4,6,5,8,7
"964",0,0,1,2,3,4,6,5,8,7
"965",1,0,2,1,3,5,4,6,8,7
"966",0,0,1,2,3,4,5,8,7,6
"967",1,0,1,2,3,4,5,8,6,7
"968",0,0,1,2,3,4,6,8,5,7
"969",1,1,8,1,2,3,4,5,6,7
"970",1,1,8,1,2,3,4,5,6,7
"971",1,0,2,1,3,5,4,6,7,8
"972",1,1,8,1,2,3,4,5,6,7
"973",0,1,1,2,3,4,6,7,5,8
"974",1,0,1,2,3,4,5,8,6,7
"975",1,0,2,1,3,5,4,6,7,8
"976",0,0,1,2,4,3,5,6,8,7
"977",1,0,1,2,3,4,5,7,6,8
"978",1,0,1,2,3,5,4,7,8,6
"979",1,1,8,1,2,3,4,5,6,7
"980",1,0,1,2,4,5,3,8,7,6
"981",1,1,8,1,2,3,4,5,6,7
"982",1,0,1,2,3,5,4,7,8,6
"983",0,1,1,2,3,4,8,5,6,7
"984",1,0,1,2,5,3,4,6,7,8
"985",1,0,1,2,5,3,4,6,8,7
"986",1,0,2,1,3,4,5,6,7,8
"987",0,1,1,3,2,4,5,8,6,7
"988",1,1,8,1,2,3,4,5,6,7
"989",1,0,1,2,3,4,8,5,7,6
"990",1,0,2,1,3,5,4,8,6,7
"991",0,0,1,2,5,3,4,6,7,8
"992",0,0,1,2,3,4,7,6,5,8
"993",0,1,1,2,3,5,4,6,7,8
"994",0,1,2,1,3,4,7,5,6,8
"995",0,0,1,2,3,4,8,6,7,5
"996",1,1,8,1,2,3,4,5,6,7
"997",1,1,8,1,2,3,4,5,6,7
"998",0,1,1,2,3,4,6,5,8,7
"999",0,0,1,2,3,5,4,6,7,8
"1000",1,0,1,3,2,7,4,8,6,5
